image,n_gt,n_pred,tp,fp,fn,pre_ms,infer_ms,post_ms
robby_ball_far0657.png,1,8,1,7,0,24.360,15.862,1.560
pip_ball_size0116.png,1,8,0,8,1,16.163,13.324,1.167
max_ball_feet0186.png,1,8,1,7,0,20.067,12.314,1.289
IMG_20260512_223335.jpg,1,8,1,7,0,10.238,12.555,1.201
max_ball_moving0064.png,1,8,1,7,0,17.525,12.176,1.227
robby_ball_far0633.png,1,8,1,7,0,16.351,12.183,1.125
oisin_ball_robot0941.png,0,8,0,8,0,15.485,12.083,1.099
eliza_ball_line_50083.png,2,8,2,6,0,17.351,12.043,1.108
bs4-328.png,0,8,0,8,0,14.144,12.065,1.087
IMG_20260512_223027~2.jpg,2,8,1,7,1,8.203,11.923,1.075
IMG_20260512_223347~3.jpg,1,8,1,7,0,8.222,11.992,1.101
robby_ball_far0267.png,1,8,1,7,0,16.303,12.470,1.154
robby_rc16_ball0060.png,1,8,1,7,0,15.664,12.144,1.077
max_ball_moving0464.png,1,8,1,7,0,17.641,12.146,1.242
alfie_lm_ball_line0423.png,1,8,1,7,0,15.783,12.085,1.079
eliza_ball_line_50069.png,2,8,1,7,1,17.139,12.079,1.096
robby_rc16_ball20214.png,0,8,0,8,0,16.084,12.217,1.113
max_ball_bottom0232.png,1,8,1,7,0,16.505,12.197,1.101
eobr228.png,1,8,1,7,0,15.153,12.173,1.185
IMG_20260512_223456~3.jpg,2,8,2,6,0,8.016,12.222,1.113
max_ball_moving0257.png,1,8,1,7,0,17.672,12.162,1.188
oisin_ball_robot0491.png,2,8,2,6,0,17.108,12.236,1.120
len_goalie0193.png,1,8,1,7,0,19.464,12.191,1.097
IMG_20260512_223457.jpg,2,8,2,6,0,7.982,12.106,1.064
eliza_ball_line_10186.png,1,8,1,7,0,19.602,12.127,1.058
IMG_20260512_223325.jpg,1,8,1,7,0,8.305,12.127,1.098
robby_ball_far0414.png,1,8,1,7,0,15.611,12.112,1.107
IMG_20260512_223333.jpg,0,8,0,8,0,8.498,12.238,1.125
IMG_20260512_223430~2.jpg,2,8,2,6,0,8.066,12.498,1.112
eliza_ball_line_30187.png,2,8,1,7,1,16.891,12.128,1.112
eliza_ball_line_30227.png,2,8,2,6,0,17.064,12.091,1.126
max_ball_feet0279.png,1,8,1,7,0,20.024,12.476,1.075
len_goalie0449.png,1,8,1,7,0,20.227,12.372,1.107
pip_ball_bottom0059.png,1,8,1,7,0,19.054,12.309,1.084
IMG_20260512_222114.jpg,1,8,1,7,0,8.287,12.068,1.081
pip_natLight_moving_t0591.png,1,8,1,7,0,14.547,12.198,1.080
alfie_lm_ball_line0499.png,1,8,1,7,0,15.904,12.320,1.079
robby_ball_far0234.png,1,8,1,7,0,16.194,12.831,1.129
robby_ball_line0233.png,1,8,1,7,0,20.673,12.467,1.097
IMG_20260512_223046.jpg,1,8,1,7,0,8.247,12.408,1.084
eliza_ball_line_30015.png,1,8,1,7,0,17.307,12.296,1.114
IMG_20260512_223439.jpg,1,8,1,7,0,8.254,12.331,1.088
IMG_20260512_223451~2.jpg,2,8,2,6,0,7.642,12.384,1.093
ivy_ball_moving0174.png,1,8,1,7,0,17.984,12.292,1.112
alfie_lm_ball_line0435.png,1,8,1,7,0,15.276,12.324,1.088
pip_natLight_moving_t0551.png,0,8,0,8,0,13.869,12.335,1.096
max_ball_moving0415.png,0,8,0,8,0,15.976,12.499,1.118
IMG_20260512_222936~2.jpg,1,8,1,7,0,7.878,12.348,1.112
eliza_ball_line_30048.png,1,8,1,7,0,16.405,12.360,1.110
IMG_20260512_222611.jpg,1,8,1,7,0,7.930,12.459,1.113
pip_ball_bottom0245.png,1,8,1,7,0,17.980,12.459,1.078
max_ball_bottom0316.png,1,8,1,7,0,15.914,12.297,1.091
IMG_20260512_222122~2.jpg,1,8,1,7,0,7.718,12.344,1.093
eliza_ball_line_30155.png,2,8,2,6,0,17.698,12.310,1.109
pip_fp_ball0377.png,0,8,0,8,0,15.058,12.369,1.082
max_ball_feet0310.png,1,8,1,7,0,19.741,12.204,1.076
robby_ball_far0359.png,1,8,1,7,0,15.670,12.496,1.108
len_goalie0438.png,1,8,1,7,0,19.612,12.322,1.100
robby_ball_line0563.png,1,8,1,7,0,19.956,12.269,1.108
IMG_20260512_222120~2.jpg,1,8,1,7,0,7.709,12.233,1.085
alfie_lm_ball_line0477.png,1,8,1,7,0,15.461,12.307,1.073
pip_natLight_ball_30511.png,1,8,1,7,0,14.851,12.403,1.150
eliza_ball_line_30092.png,2,8,2,6,0,17.569,12.403,1.142
bs413.png,1,8,1,7,0,13.645,12.405,1.093
len_goalie0472.png,1,8,1,7,0,19.937,12.361,1.103
bs4-319.png,0,8,0,8,0,13.638,12.430,1.102
IMG_20260512_222558~3.jpg,2,8,2,6,0,7.636,12.388,1.106
IMG_20260512_222507.jpg,1,8,1,7,0,7.916,12.248,1.112
pip_natLight_ball_10301.png,0,8,0,8,0,15.509,12.305,1.116
alfie_lm_ball_line0306.png,1,8,1,7,0,14.993,12.335,1.070
IMG_20260512_223009~2.jpg,1,8,1,7,0,7.725,12.331,1.085
mA369.png,1,8,1,7,0,14.095,12.281,1.118
IMG_20260512_222932.jpg,1,8,1,7,0,7.938,12.397,1.103
bs4-337.png,0,8,0,8,0,13.746,12.948,1.100
alfie_lm_ball_line0279.png,1,8,1,7,0,14.880,12.489,1.089
max_ball_feet0306.png,1,8,1,7,0,19.522,12.242,1.083
max_ball_kickoff0091.png,1,8,1,7,0,19.474,12.275,1.076
IMG_20260512_223021~3.jpg,2,8,2,6,0,7.788,12.245,1.092
IMG_20260512_223431~2.jpg,2,8,2,6,0,7.458,12.226,1.084
IMG_20260512_222928.jpg,1,8,1,7,0,7.684,12.257,1.094
robby_ball_far0527.png,0,8,0,8,0,15.720,12.417,1.120
robby_ball_line0224.png,1,8,1,7,0,19.808,12.408,1.098
mA1033.png,1,8,1,7,0,14.108,12.350,1.104
eliza_ball_line_20065.png,1,8,1,7,0,20.078,12.631,1.092
oisin_ball_robot1031.png,0,8,0,8,0,15.213,12.373,1.122
robby_ball_far0257.png,1,8,1,7,0,15.769,13.216,1.126
oisin_ball_robot0706.png,0,8,0,8,0,16.387,13.278,1.131
alfie_lm_ball_line0038.png,1,8,1,7,0,15.195,21.532,1.093
max_ball_moving0397.png,0,8,0,8,0,17.109,24.349,1.184
eliza_ball_line_50059.png,1,8,1,7,0,17.394,15.296,1.138
max_ball_bottom0261.png,1,8,1,7,0,16.132,13.480,1.130
robby_rc16_ball0601.png,1,8,1,7,0,14.899,12.910,1.096
robby_ball_far0573.png,1,8,1,7,0,15.716,12.861,1.128
eliza_ball_line_50023.png,1,8,1,7,0,16.525,12.615,1.175
len_goalie0447.png,1,8,1,7,0,19.952,12.694,1.112
IMG_20260512_222941~2.jpg,1,8,1,7,0,7.307,8.453,0.757
pip_ball_bottom0229.png,1,8,1,7,0,13.203,9.261,0.774
eliza_ball_01070128.png,1,8,1,7,0,14.515,8.669,0.756
alfie_lm_ball_line0163.png,1,8,1,7,0,15.263,8.960,0.781
IMG_20260512_222411~3.jpg,1,8,1,7,0,5.359,10.640,1.438
IMG_20260512_223334~2.jpg,1,8,0,8,1,7.925,10.112,0.810
oisin_ball_robot0421.png,3,8,3,5,0,11.136,8.508,0.757
max_ball_feet0141.png,1,8,1,7,0,14.857,9.175,0.776
oisin_ball_robot0251.png,2,8,1,7,1,11.298,8.486,0.799
IMG_20260512_222436~2.jpg,2,8,1,7,1,5.292,8.696,0.779
pip_ball_bottom0461.png,1,8,1,7,0,14.764,8.957,0.779
robby_rc16_ball20493.png,1,8,0,8,1,11.336,8.770,0.773
IMG_20260512_223321.jpg,2,8,2,6,0,5.245,8.816,0.774
eliza_ball_line_30199.png,2,8,2,6,0,12.023,8.412,0.801
oisin_ball_robot0681.png,1,8,1,7,0,11.949,8.455,0.815
max_ball_feet0298.png,1,8,1,7,0,15.781,10.579,0.764
IMG_20260512_222613.jpg,0,8,0,8,0,5.452,9.087,0.771
IMG_20260512_223349.jpg,1,8,0,8,1,5.306,8.460,0.756
IMG_20260512_222111.jpg,2,8,2,6,0,5.324,8.465,0.814
robby_rc16_ball20491.png,1,8,1,7,0,11.227,10.780,0.990
pip_ball_bottom0219.png,1,8,1,7,0,12.819,10.487,0.768
IMG_20260512_223025~2.jpg,1,8,1,7,0,5.173,8.569,0.746
eliza_ball_line_10027.png,1,8,1,7,0,13.748,8.621,0.828
eobr994.png,1,8,1,7,0,9.952,8.613,0.912
max_ball_moving0159.png,1,8,1,7,0,11.764,9.171,0.806
oisin_ball_robot0461.png,1,8,1,7,0,10.830,8.477,0.767
pip_ball_bottom0383.png,1,8,1,7,0,14.634,8.983,0.778
IMG_20260512_222934~2.jpg,1,8,1,7,0,5.241,8.684,0.840
alfie_lm_ball_line0507.png,1,8,1,7,0,10.407,8.708,0.744
eliza_ball_01070359.png,1,8,1,7,0,14.582,8.497,0.770
eobr377.png,0,8,0,8,0,10.097,8.494,1.095
IMG_20260512_222422~2.jpg,1,8,1,7,0,5.260,8.416,0.739
IMG_20260512_223332~2.jpg,1,8,1,7,0,5.730,8.509,0.775
IMG_20260512_222507~3.jpg,1,8,1,7,0,5.509,8.514,0.761
bs4-148.png,1,8,1,7,0,9.633,8.614,0.792
eobr200.png,0,8,0,8,0,9.969,8.980,0.812
mA355.png,0,8,0,8,0,9.766,8.805,1.105
eobr525.png,0,8,0,8,0,10.283,8.524,0.808
alfie_lm_ball_line0483.png,1,8,1,7,0,10.898,8.404,0.824
robby_ball_far0395.png,1,8,1,7,0,10.791,8.736,0.788
oisin_ball_robot0736.png,1,8,1,7,0,11.110,9.116,0.765
IMG_20260512_222950~2.jpg,1,8,1,7,0,5.157,8.860,0.776
len_goalie0455.png,1,8,1,7,0,14.813,8.768,1.022
robby_ball_far0195.png,1,8,1,7,0,10.697,8.911,0.811
IMG_20260512_222418~3.jpg,1,8,0,8,1,5.269,8.854,0.772
eliza_ball_line_20001.png,1,8,1,7,0,14.787,8.548,0.786
oisin_ball_robot0431.png,1,8,1,7,0,10.485,8.410,0.810
max_ball_kickoff0129.png,1,8,1,7,0,13.703,8.920,0.762
robby_rc16_ball20297.png,1,8,1,7,0,10.489,8.387,0.755
IMG_20260512_222959.jpg,1,8,1,7,0,5.468,8.603,0.802
robby_rc16_ball20306.png,1,8,1,7,0,11.053,8.398,0.867
eliza_ball_line_30100.png,2,8,1,7,1,13.200,8.942,0.765
eliza_ball_01070557.png,1,8,1,7,0,14.551,8.640,0.834
robby_ball_far0311.png,1,8,1,7,0,11.767,10.810,0.794
pip_ball_bottom_robots0036.png,1,8,1,7,0,14.123,8.586,0.768
robby_rc16_ball0292.png,1,8,1,7,0,10.374,8.586,0.754
eliza_ball_line_30108.png,2,8,2,6,0,12.560,8.806,0.824
eliza_ball_line_20013.png,1,8,1,7,0,14.700,8.630,0.751
IMG_20260512_223047.jpg,2,8,2,6,0,5.392,8.410,0.767
mA1119.png,1,8,1,7,0,9.844,8.414,0.806
bs1-62.png,0,8,0,8,0,9.698,8.495,0.844
IMG_20260512_223337~2.jpg,1,8,1,7,0,5.246,8.477,0.841
eliza_ball_line_30213.png,2,8,1,7,1,11.454,9.295,0.774
oisin_ball_robot0986.png,0,8,0,8,0,10.767,8.537,0.765
robby_ball_line0653.png,1,8,1,7,0,15.610,10.954,0.793
IMG_20260512_222458.jpg,1,8,1,7,0,5.998,9.022,0.775
ivy_ball_moving0141.png,1,8,1,7,0,13.729,8.568,0.761
IMG_20260512_222039~3.jpg,1,8,1,7,0,5.486,8.481,0.765
pip_natLight_moving_b0356.png,1,8,1,7,0,11.773,8.445,1.014
robby_ball_line0360.png,1,8,1,7,0,14.577,8.883,0.764
eobr4.png,2,8,1,7,1,10.184,8.391,0.796
eliza_ball_line_30252.png,2,8,2,6,0,11.500,8.389,0.756
eliza_ball_line_10120.png,1,8,1,7,0,13.976,8.832,0.736
alfie_lm_ball_line0425.png,1,8,1,7,0,10.611,8.576,0.753
ivy_ball_moving0006.png,1,8,1,7,0,13.121,8.417,1.041
oisin_ball_robot0561.png,1,8,0,8,1,10.613,8.835,0.769
IMG_20260512_222953~2.jpg,1,8,1,7,0,5.355,8.888,0.765
eliza_ball_01070058.png,1,8,1,7,0,15.092,8.627,0.740
eliza_ball_line_10003.png,1,8,1,7,0,13.993,8.942,0.755
IMG_20260512_223311~2.jpg,0,8,0,8,0,5.332,8.806,0.892
IMG_20260512_222957~2.jpg,1,8,1,7,0,5.276,8.770,0.817
robby_ball_far0371.png,1,8,1,7,0,10.994,9.728,0.827
alfie_lm_ball_line0049.png,1,8,1,7,0,10.837,11.114,0.780
max_ball_moving0388.png,1,8,1,7,0,12.493,8.809,0.798
pip_ball_size0166.png,1,8,1,7,0,12.038,8.702,0.831
max_ball_bottom0234.png,1,8,1,7,0,11.350,10.442,1.119
robby_ball_line0654.png,1,8,1,7,0,15.461,8.865,0.770
max_ball_bottom0042.png,1,8,1,7,0,10.593,8.445,0.782
IMG_20260512_223000~2.jpg,1,8,1,7,0,5.653,9.881,0.787
pip_natLight_moving_t0026.png,1,8,0,8,1,12.221,8.740,0.846
IMG_20260512_222115~3.jpg,1,8,1,7,0,5.192,8.484,0.765
IMG_20260512_223433~2.jpg,0,8,0,8,0,5.095,8.430,0.857
pip_ball_bottom0255.png,1,8,1,7,0,13.249,8.951,0.797
eliza_ball_line_10175.png,1,8,1,7,0,15.391,8.517,0.869
IMG_20260512_222516~3.jpg,0,8,0,8,0,5.498,8.409,0.762
max_ball_moving0187.png,0,8,0,8,0,12.102,8.976,0.813
IMG_20260512_222555.jpg,1,8,1,7,0,5.287,8.958,0.776
eliza_ball_01070052.png,1,8,1,7,0,14.575,8.529,0.770
IMG_20260512_222133.jpg,0,8,0,8,0,5.359,8.548,0.757
pip_natLight_ball_30481.png,1,8,0,8,1,10.587,8.404,0.772
eliza_ball_line_20179.png,1,8,1,7,0,15.600,11.082,0.924
max_ball_moving0394.png,0,8,0,8,0,14.263,8.627,0.917
pip_ball_size0161.png,1,8,1,7,0,11.693,8.705,0.780
robby_ball_far0185.png,1,8,1,7,0,10.870,9.044,0.810
IMG_20260512_222931~3.jpg,1,8,1,7,0,5.366,8.981,0.763
IMG_20260512_222124~2.jpg,2,8,2,6,0,5.334,8.826,0.751
max_ball_feet0276.png,1,8,1,7,0,14.849,8.768,1.073
IMG_20260512_223436.jpg,1,8,1,7,0,5.290,8.407,0.928
IMG_20260512_222436.jpg,2,8,1,7,1,5.209,8.413,0.754
ivy_ball_moving0303.png,1,8,1,7,0,13.185,9.027,0.793
max_ball_kickoff0010.png,1,8,1,7,0,10.952,8.496,0.751
eliza_ball_line_10075.png,1,8,1,7,0,13.174,8.442,0.868
bs152.png,1,8,0,8,1,9.829,8.673,0.788
IMG_20260512_222914.jpg,1,8,1,7,0,5.639,8.574,0.768
robby_rc16_ball20183.png,1,8,1,7,0,10.107,8.607,0.757
pip_ball_bottom_robots0001.png,1,8,1,7,0,13.810,8.659,0.763
IMG_20260512_223341~3.jpg,1,8,1,7,0,5.367,8.428,0.754
robby_ball_far0188.png,1,8,1,7,0,10.801,8.438,0.860
robby_ball_far0203.png,1,8,1,7,0,10.670,8.579,0.792
eliza_ball_line_20133.png,1,8,1,7,0,14.614,8.483,0.752
IMG_20260512_222443~2.jpg,1,8,1,7,0,5.303,8.401,0.757
IMG_20260512_223346.jpg,1,8,0,8,1,5.635,8.384,0.778
pip_natLight_ball_30506.png,1,8,1,7,0,10.268,8.529,0.780
IMG_20260512_222048~3.jpg,2,8,2,6,0,5.346,8.807,0.774
pip_ball_bottom0211.png,1,8,1,7,0,13.396,10.850,0.782
IMG_20260512_223416~2.jpg,1,8,1,7,0,5.389,10.810,0.775
IMG_20260512_222453.jpg,1,8,1,7,0,5.252,10.777,0.781
max_ball_kickoff0063.png,1,8,1,7,0,14.323,10.767,0.917
eobr1038.png,0,8,0,8,0,9.806,11.052,0.815
IMG_20260512_223313.jpg,1,8,1,7,0,5.321,10.797,0.808
len_goalie0439.png,1,8,1,7,0,15.285,10.689,1.016
IMG_20260512_222622.jpg,1,8,1,7,0,5.203,9.392,1.045
IMG_20260512_223325~3.jpg,1,8,1,7,0,5.265,8.527,0.837
alfie_lm_ball_line0385.png,1,8,1,7,0,11.042,9.920,0.789
IMG_20260512_223455.jpg,1,8,1,7,0,5.244,10.804,0.786
bs3-125.png,1,8,1,7,0,9.851,8.438,0.776
eliza_ball_line_50111.png,2,8,2,6,0,12.522,9.672,1.107
bs4-0.png,0,8,0,8,0,9.858,8.974,0.786
IMG_20260512_222916.jpg,2,8,2,6,0,5.196,8.768,0.763
pip_natLight_ball_30416.png,1,8,1,7,0,10.408,8.808,0.776
pip_ball_bottom0305.png,1,8,1,7,0,13.074,8.543,0.743
IMG_20260512_223327~2.jpg,1,8,1,7,0,5.425,8.508,0.796
robby_ball_far0402.png,1,8,1,7,0,11.323,9.020,0.801
pip_fp_ball0360.png,0,8,0,8,0,10.710,8.872,0.785
IMG_20260512_222601~3.jpg,2,8,2,6,0,5.306,8.779,0.777
IMG_20260512_222543~3.jpg,1,8,1,7,0,5.387,8.890,0.787
IMG_20260512_222544.jpg,1,8,1,7,0,5.341,8.892,0.810
eliza_ball_line_10163.png,1,8,1,7,0,15.082,8.639,0.783
IMG_20260512_222419.jpg,1,8,1,7,0,5.809,8.472,0.769
oisin_ball_robot0531.png,1,8,1,7,0,10.910,8.588,1.024
mA1088.png,0,8,0,8,0,9.759,11.129,0.919
eliza_ball_line_30096.png,2,8,2,6,0,14.017,8.508,0.787
eliza_ball_line_10084.png,1,8,1,7,0,13.264,8.916,0.762
pip_ball_bottom_robots0084.png,1,8,1,7,0,14.296,8.607,0.766
eliza_ball_01070208.png,1,8,1,7,0,14.603,9.007,0.791
pip_ball_size0571.png,1,8,0,8,1,11.709,8.622,0.786
IMG_20260512_223005~2.jpg,1,8,1,7,0,5.174,8.922,0.760
robby_rc16_ball20244.png,1,8,1,7,0,10.606,8.390,0.764
max_ball_moving0492.png,1,8,1,7,0,11.971,8.700,1.172
robby_rc16_ball20375.png,1,8,1,7,0,10.503,9.140,0.782
bs3-134.png,1,8,1,7,0,10.239,8.743,0.764
IMG_20260512_223005~3.jpg,1,8,1,7,0,5.302,8.575,0.747
robby_rc16_ball20431.png,1,8,1,7,0,10.593,9.427,0.755
max_ball_moving0430.png,0,8,0,8,0,12.023,9.562,0.911
eliza_ball_line_30126.png,2,8,2,6,0,13.071,8.526,0.771
max_ball_moving0371.png,1,8,1,7,0,12.031,8.416,0.784
IMG_20260512_223044.jpg,1,8,0,8,1,5.180,8.416,0.871
alfie_lm_ball_line0146.png,1,8,1,7,0,10.308,8.595,0.737
pip_natLight_moving_t0301.png,0,8,0,8,0,9.710,8.554,0.751
max_ball_moving0018.png,1,8,1,7,0,11.708,8.428,0.799
max_ball_feet0228.png,1,8,1,7,0,14.685,8.602,0.700
oisin_ball_robot0221.png,1,8,1,7,0,11.968,8.892,0.777
max_ball_moving0300.png,0,8,0,8,0,13.527,11.176,1.267
IMG_20260512_222938~3.jpg,1,8,1,7,0,8.137,11.139,1.174
bs4-369.png,1,8,1,7,0,14.383,11.310,1.233
IMG_20260512_222054~2.jpg,1,8,1,7,0,8.317,11.410,1.228
eobr804.png,2,8,2,6,0,13.886,8.639,0.818
IMG_20260512_222045~3.jpg,1,8,1,7,0,5.148,8.429,0.739
oisin_ball_robot0951.png,0,8,0,8,0,12.179,8.510,0.851
pip_ball_moving0145.png,1,8,1,7,0,14.838,10.632,0.790
IMG_20260512_223330~3.jpg,1,8,1,7,0,5.291,9.766,0.778
IMG_20260512_222950~4.jpg,1,8,1,7,0,5.207,8.962,0.791
IMG_20260512_223432~3.jpg,1,8,1,7,0,5.078,8.840,0.757
eliza_ball_line_20177.png,1,8,1,7,0,15.047,8.921,0.772
eliza_ball_line_30143.png,2,8,2,6,0,12.418,8.833,0.786
IMG_20260512_222426~3.jpg,1,8,1,7,0,5.236,8.805,0.777
eobr219.png,1,8,1,7,0,10.140,8.400,0.816
alfie_lm_ball_line0149.png,1,8,1,7,0,10.551,8.374,0.741
IMG_20260512_223024.jpg,1,8,1,7,0,5.240,8.509,0.756
IMG_20260512_222910~2.jpg,1,8,1,7,0,5.245,8.438,0.748
mA1182.png,1,8,1,7,0,9.935,8.393,0.798
len_goalie0387.png,1,8,1,7,0,14.825,8.926,0.784
max_ball_moving0498.png,1,8,1,7,0,11.849,9.867,0.812
pip_natLight_moving_b0211.png,0,8,0,8,0,11.448,8.546,1.019
max_ball_moving0274.png,0,8,0,8,0,11.785,8.919,0.824
eliza_ball_01070592.png,1,8,1,7,0,17.275,11.646,0.811
eliza_ball_line_20015.png,1,8,1,7,0,16.071,9.124,0.780
oisin_ball_robot0976.png,0,8,0,8,0,11.392,10.135,0.784
bs1-67.png,0,8,0,8,0,9.398,8.743,0.753
eliza_ball_line_30177.png,2,8,1,7,1,13.652,8.418,0.779
mA495.png,1,8,1,7,0,10.146,8.432,0.908
IMG_20260512_222620~2.jpg,1,8,1,7,0,5.360,8.433,0.740
pip_ball_size0001.png,1,8,1,7,0,11.729,8.786,0.788
max_ball_moving0158.png,1,8,1,7,0,11.716,8.729,0.806
IMG_20260512_222420.jpg,1,8,1,7,0,5.386,8.739,0.773
IMG_20260512_223344~3.jpg,1,8,1,7,0,5.325,8.851,0.785
pip_fp_ball0515.png,1,8,1,7,0,11.865,8.403,1.016
max_ball_moving0384.png,1,8,1,7,0,11.657,8.519,0.818
oisin_ball_robot0021.png,3,8,2,6,1,13.127,8.483,0.786
bs459.png,1,8,1,7,0,9.541,9.332,0.783
IMG_20260512_223326~2.jpg,1,8,1,7,0,5.603,8.394,0.777
IMG_20260512_222120~3.jpg,1,8,1,7,0,5.475,8.426,0.761
IMG_20260512_222047.jpg,2,8,2,6,0,5.356,8.450,0.765
IMG_20260512_222454.jpg,1,8,1,7,0,5.178,8.538,0.756
robby_rc16_ball0110.png,1,8,1,7,0,10.270,8.389,0.746
eliza_ball_01070552.png,1,8,1,7,0,14.433,8.732,0.766
pip_natLight_ball_10151.png,0,8,0,8,0,10.778,8.460,0.774
eobr174.png,1,8,1,7,0,10.015,8.476,0.807
max_ball_feet0278.png,1,8,1,7,0,14.601,8.972,0.828
robby_ball_far0137.png,1,8,1,7,0,10.756,8.842,0.798
pip_ball_bottom0479.png,1,8,1,7,0,14.888,8.536,0.788
IMG_20260512_222952~2.jpg,1,8,1,7,0,5.660,8.414,0.760
eliza_ball_line_20141.png,1,8,1,7,0,15.183,8.972,0.769
IMG_20260512_223310~2.jpg,1,8,1,7,0,5.269,8.917,0.788
bs2-3.png,0,8,0,8,0,9.465,8.912,0.783
IMG_20260512_223424~3.jpg,2,8,2,6,0,5.158,8.865,0.765
mA1263.png,1,8,1,7,0,9.888,8.433,0.798
max_ball_bottom0052.png,1,8,1,7,0,10.221,8.441,0.751
pip_natLight_ball_10111.png,1,8,1,7,0,10.922,8.711,0.790
IMG_20260512_222444~3.jpg,2,8,2,6,0,5.220,8.513,0.965
IMG_20260512_222051~2.jpg,2,8,2,6,0,5.322,8.507,0.913
alfie_lm_ball_line0305.png,1,8,1,7,0,10.864,8.755,0.769
IMG_20260512_222430.jpg,1,8,1,7,0,5.483,8.824,0.761
pip_natLight_moving_b0241.png,0,8,0,8,0,10.480,8.795,0.752
IMG_20260512_223452~2.jpg,1,8,1,7,0,5.235,8.625,0.768
eobr58.png,2,8,2,6,0,10.286,8.540,0.791
IMG_20260512_223329~2.jpg,1,8,1,7,0,5.332,8.871,0.779
oisin_ball_robot0691.png,1,8,1,7,0,11.363,8.519,0.780
eliza_ball_line_20119.png,1,8,1,7,0,12.715,8.968,0.801
robby_rc16_ball20641.png,1,8,1,7,0,10.013,8.913,0.750
mA779.png,1,8,1,7,0,9.952,8.419,0.761
IMG_20260512_223019.jpg,1,8,1,7,0,5.338,8.452,0.771
IMG_20260512_222501~4.jpg,1,8,1,7,0,5.395,8.772,0.800
robby_rc16_ball20133.png,0,8,0,8,0,10.879,8.522,0.766
pip_natLight_ball_10096.png,0,8,0,8,0,10.990,8.791,0.805
max_ball_feet0198.png,1,8,1,7,0,14.967,8.754,0.775
IMG_20260512_222043~2.jpg,1,8,1,7,0,5.276,8.766,0.772
IMG_20260512_223006.jpg,1,8,1,7,0,5.274,8.823,0.796
IMG_20260512_222450~3.jpg,1,8,1,7,0,7.529,11.644,1.417
IMG_20260512_223433.jpg,0,8,0,8,0,6.278,8.601,0.764
oisin_ball_robot0836.png,1,8,1,7,0,10.846,8.772,0.826
mA819.png,1,8,0,8,1,9.787,8.990,0.810
pip_natLight_ball_30421.png,1,8,1,7,0,10.485,8.557,0.815
IMG_20260512_222039~2.jpg,1,8,1,7,0,5.418,8.709,0.774
alfie_lm_ball_line0519.png,1,8,1,7,0,10.721,8.442,0.771
eliza_ball_line_20153.png,1,8,1,7,0,15.161,8.887,0.769
IMG_20260512_223448~2.jpg,1,8,1,7,0,5.187,8.793,0.770
mA706.png,1,8,1,7,0,9.796,8.780,0.770
robby_ball_line0372.png,1,8,1,7,0,14.918,8.583,0.769
len_goalie0205.png,1,8,1,7,0,15.288,8.621,0.787
eliza_ball_line_20107.png,1,8,1,7,0,12.652,9.359,0.764
oisin_ball_robot0906.png,0,8,0,8,0,10.821,8.716,0.775
IMG_20260512_222518~3.jpg,1,8,1,7,0,5.426,8.819,0.775
robby_ball_far0270.png,1,8,1,7,0,10.744,8.590,0.778
max_ball_kickoff0083.png,1,8,1,7,0,11.951,8.451,0.749
len_goalie0409.png,1,8,1,7,0,14.841,8.722,0.771
max_ball_bottom0081.png,1,8,1,7,0,10.123,8.587,0.773
eliza_ball_line_20127.png,1,8,1,7,0,14.324,9.351,0.770
IMG_20260512_222047~3.jpg,2,8,2,6,0,5.365,8.437,0.761
alfie_lm_ball_line0291.png,1,8,1,7,0,10.100,8.418,0.831
eliza_ball_01070247.png,1,8,1,7,0,14.231,8.894,0.764
robby_rc16_ball0052.png,1,8,1,7,0,10.407,8.401,0.758
pip_ball_bottom0217.png,1,8,1,7,0,13.341,8.651,0.780
pip_ball_bottom_robots0046.png,1,8,1,7,0,13.811,8.862,0.783
IMG_20260512_222547~3.jpg,1,8,1,7,0,5.400,8.946,0.763
IMG_20260512_223346~2.jpg,1,8,0,8,1,5.279,9.025,0.791
IMG_20260512_222916~2.jpg,2,8,2,6,0,5.351,8.772,0.772
IMG_20260512_222418.jpg,1,8,1,7,0,5.223,8.926,0.807
robby_rc16_ball20352.png,2,8,1,7,1,10.431,8.481,0.797
IMG_20260512_222046.jpg,1,8,1,7,0,5.245,8.838,0.766
max_ball_moving0260.png,1,8,1,7,0,12.319,9.965,1.110
pip_ball_moving0029.png,1,8,1,7,0,13.661,9.163,1.326
IMG_20260512_222139~2.jpg,1,8,1,7,0,5.242,9.081,0.775
pip_ball_moving0073.png,1,8,1,7,0,12.512,8.405,0.769
pip_ball_moving0027.png,1,8,1,7,0,12.704,9.255,0.790
oisin_ball_robot0786.png,2,8,2,6,0,13.471,11.472,1.266
alfie_lm_ball_line0513.png,1,8,1,7,0,15.850,11.596,1.201
IMG_20260512_223437.jpg,1,8,1,7,0,7.589,8.563,0.778
eliza_ball_01070590.png,1,8,1,7,0,14.407,9.593,1.287
pip_ball_bottom0283.png,2,8,1,7,1,16.378,8.642,0.744
IMG_20260512_222521.jpg,1,8,1,7,0,5.404,8.442,0.800
IMG_20260512_222937.jpg,1,8,1,7,0,5.357,8.397,0.829
robby_ball_far0167.png,1,8,1,7,0,11.036,8.634,0.929
eliza_ball_line_50080.png,2,8,2,6,0,11.931,8.760,0.769
max_ball_moving0366.png,1,8,1,7,0,11.684,8.389,0.799
IMG_20260512_222040~3.jpg,2,8,2,6,0,5.668,8.581,0.780
IMG_20260512_223426.jpg,2,8,2,6,0,8.285,11.637,1.436
mA1079.png,0,8,0,8,0,13.987,10.529,0.817
max_ball_moving0090.png,0,8,0,8,0,11.907,8.548,0.986
IMG_20260512_223039.jpg,1,8,1,7,0,5.560,8.523,0.761
alfie_lm_ball_line0289.png,1,8,1,7,0,10.176,9.710,0.756
max_ball_bottom0058.png,1,8,1,7,0,10.046,8.747,0.769
IMG_20260512_222459~3.jpg,1,8,0,8,1,5.323,8.879,0.755
IMG_20260512_223415.jpg,1,8,0,8,1,5.218,9.030,0.757
eliza_ball_line_20129.png,1,8,1,7,0,14.909,8.544,0.753
max_ball_bottom0010.png,1,8,1,7,0,10.331,9.493,0.771
oisin_ball_robot0511.png,1,8,1,7,0,11.429,8.545,0.759
pip_natLight_moving_b0376.png,1,8,1,7,0,11.943,8.378,0.722
IMG_20260512_222122.jpg,1,8,1,7,0,5.395,8.865,0.768
max_ball_kickoff0175.png,1,8,1,7,0,14.860,9.039,0.757
pip_ball_bottom0209.png,1,8,1,7,0,13.837,10.617,0.746
eliza_ball_line_10205.png,1,8,1,7,0,14.998,8.708,0.743
IMG_20260512_222924~3.jpg,0,8,0,8,0,5.378,8.669,0.777
pip_ball_bottom0023.png,1,8,1,7,0,12.635,8.794,0.764
eobr912.png,1,8,1,7,0,10.105,8.428,0.819
eliza_ball_01070367.png,1,8,1,7,0,15.564,8.586,0.795
bs4-13.png,0,8,0,8,0,9.446,8.885,0.780
IMG_20260512_222135~2.jpg,2,8,2,6,0,5.302,8.654,0.762
robby_rc16_ball20173.png,1,8,1,7,0,10.010,8.558,0.745
mA175.png,1,8,1,7,0,9.909,8.467,0.783
IMG_20260512_222132.jpg,0,8,0,8,0,5.389,8.355,0.738
mA1164.png,1,8,1,7,0,9.801,8.426,0.801
eliza_ball_line_20085.png,1,8,1,7,0,12.704,8.920,0.744
IMG_20260512_222546~2.jpg,1,8,1,7,0,5.412,9.057,0.786
bs45.png,0,8,0,8,0,9.484,8.854,0.762
pip_natLight_ball_30396.png,1,8,1,7,0,10.346,8.426,0.788
eliza_ball_line_50116.png,2,8,2,6,0,12.169,8.462,0.868
max_ball_bottom0215.png,1,8,1,7,0,11.119,8.802,0.791
robby_ball_far0652.png,1,8,1,7,0,10.833,8.816,0.802
oisin_ball_robot0086.png,3,8,3,5,0,12.777,8.526,0.782
pip_natLight_ball_30411.png,1,8,1,7,0,10.654,8.980,0.790
robby_ball_far0471.png,0,8,0,8,0,10.845,8.904,1.040
bs2-75.png,1,8,1,7,0,9.908,8.546,0.784
robby_rc16_ball20373.png,1,8,1,7,0,10.509,8.614,0.785
pip_ball_size0351.png,1,8,1,7,0,11.900,8.968,0.777
eliza_ball_line_30070.png,2,8,2,6,0,12.196,8.685,0.831
eliza_ball_line_50015.png,1,8,1,7,0,11.653,8.454,0.790
ivy_ball_moving0138.png,1,8,1,7,0,13.277,8.939,0.793
IMG_20260512_223451.jpg,2,8,2,6,0,5.310,8.707,0.745
pip_natLight_ball_10221.png,1,8,1,7,0,10.871,8.762,0.782
max_ball_moving0142.png,0,8,0,8,0,12.003,8.550,0.818
IMG_20260512_222446~2.jpg,2,8,2,6,0,5.768,8.566,0.767
robby_ball_far0378.png,1,8,0,8,1,10.961,8.543,0.800
IMG_20260512_222619.jpg,1,8,1,7,0,5.320,8.488,0.876
robby_ball_far0570.png,1,8,1,7,0,11.017,11.811,1.427
IMG_20260512_222411.jpg,1,8,1,7,0,8.470,10.048,0.782
oisin_ball_robot0016.png,3,8,2,6,1,13.416,9.108,0.831
IMG_20260512_222525.jpg,1,8,1,7,0,5.405,9.074,0.782
max_ball_bottom0264.png,1,8,1,7,0,10.706,8.756,0.779
IMG_20260512_222920~2.jpg,1,8,0,8,1,5.357,8.658,0.771
mA508.png,1,8,1,7,0,9.987,8.450,0.771
eliza_ball_line_30088.png,2,8,2,6,0,12.774,8.491,0.962
IMG_20260512_222131~3.jpg,0,8,0,8,0,5.588,8.460,0.763
IMG_20260512_222951.jpg,1,8,1,7,0,5.563,8.419,0.821
IMG_20260512_222455.jpg,1,8,1,7,0,5.481,8.743,1.175
max_ball_moving0259.png,1,8,1,7,0,11.857,8.567,0.799
IMG_20260512_223039~3.jpg,1,8,1,7,0,5.268,8.615,0.766
IMG_20260512_223458~2.jpg,2,8,2,6,0,5.173,8.456,0.752
robby_ball_far0575.png,1,8,1,7,0,11.016,8.488,0.787
oisin_ball_robot0581.png,0,8,0,8,0,10.852,8.367,0.754
oisin_ball_robot1006.png,0,8,0,8,0,11.010,8.496,0.766
pip_natLight_moving_b0246.png,1,8,1,7,0,11.504,10.773,1.061
pip_natLight_ball_10401.png,0,8,0,8,0,11.404,9.354,1.271
IMG_20260512_222132~2.jpg,0,8,0,8,0,5.413,8.415,0.748
eliza_ball_line_10109.png,1,8,1,7,0,13.505,8.649,0.796
eobr854.png,0,8,0,8,0,10.400,8.583,0.852
ivy_ball_moving0125.png,1,8,1,7,0,14.716,8.508,0.783
pip_natLight_ball_30156.png,0,8,0,8,0,10.456,8.499,0.882
pip_ball_bottom0235.png,1,8,1,7,0,12.676,8.919,0.789
bs170.png,1,8,1,7,0,9.417,8.935,0.809
IMG_20260512_222943~2.jpg,1,8,1,7,0,5.370,8.812,0.760
bs1-80.png,0,8,0,8,0,9.690,10.588,0.762
pip_natLight_ball_30206.png,0,8,0,8,0,10.492,10.722,0.911
max_ball_kickoff0147.png,1,8,1,7,0,14.933,10.700,0.771
oisin_ball_robot0426.png,3,8,3,5,0,10.930,10.896,0.807
IMG_20260512_222935~3.jpg,1,8,1,7,0,5.385,8.946,0.774
mA238.png,1,8,1,7,0,9.929,8.823,0.808
oisin_ball_robot0636.png,2,8,2,6,0,10.171,8.736,0.762
pip_fp_ball0510.png,1,8,1,7,0,10.952,10.852,0.881
pip_natLight_moving_t0601.png,1,8,1,7,0,10.975,9.353,0.783
IMG_20260512_222428.jpg,0,8,0,8,0,5.302,9.026,0.780
IMG_20260512_222614.jpg,0,8,0,8,0,5.254,9.032,0.767
IMG_20260512_222618~3.jpg,1,8,1,7,0,5.237,8.879,0.771
mA823.png,1,8,1,7,0,9.743,8.645,0.787
IMG_20260512_222417~2.jpg,1,8,1,7,0,5.362,8.866,0.784
mA634.png,0,8,0,8,0,9.723,8.785,0.791
IMG_20260512_223446~2.jpg,1,8,0,8,1,5.278,8.870,0.782
oisin_ball_robot0151.png,3,8,3,5,0,14.552,11.880,1.436
IMG_20260512_223444.jpg,1,8,1,7,0,8.669,11.825,1.381
IMG_20260512_223021~2.jpg,1,8,1,7,0,8.429,10.158,0.788
eliza_ball_line_30068.png,2,8,2,6,0,19.004,8.524,0.840
max_ball_feet0111.png,1,8,1,7,0,14.377,9.040,0.756
pip_ball_bottom0419.png,1,8,1,7,0,14.803,8.676,0.776
robby_ball_line0341.png,1,8,1,7,0,14.683,10.735,1.331
eliza_ball_01070288.png,1,8,1,7,0,17.278,8.764,0.905
eliza_ball_line_50151.png,1,8,1,7,0,11.709,8.986,0.788
IMG_20260512_222541.jpg,2,8,2,6,0,5.396,8.873,0.772
max_ball_moving0256.png,1,8,1,7,0,11.806,8.399,0.806
eliza_ball_line_30093.png,2,8,1,7,1,12.578,8.451,0.828
eliza_ball_line_30147.png,2,8,2,6,0,12.372,8.917,0.773
max_ball_bottom0262.png,1,8,1,7,0,10.878,8.427,0.756
IMG_20260512_222038.jpg,2,8,2,6,0,5.447,8.770,0.767
mA1295.png,1,8,1,7,0,10.768,8.469,0.803
robby_ball_far0489.png,0,8,0,8,0,11.014,8.550,0.775
oisin_ball_robot0331.png,1,8,1,7,0,10.991,8.851,0.782
IMG_20260512_223450~2.jpg,2,8,2,6,0,5.272,8.470,0.760
pip_ball_bottom0449.png,1,8,1,7,0,14.574,8.927,0.774
IMG_20260512_222923.jpg,1,8,1,7,0,5.340,8.434,0.738
bs445.png,1,8,1,7,0,9.534,8.490,0.752
bs3-120.png,1,8,1,7,0,9.479,8.607,0.764
oisin_ball_robot0661.png,0,8,0,8,0,12.080,8.521,0.771
alfie_lm_ball_line0463.png,1,8,1,7,0,11.234,8.557,0.766
eobr507.png,0,8,0,8,0,9.886,8.899,0.802
eliza_ball_line_50085.png,2,8,2,6,0,11.759,9.044,0.784
IMG_20260512_222525~3.jpg,0,8,0,8,0,5.262,8.673,0.764
pip_natLight_moving_t0496.png,0,8,0,8,0,9.561,8.682,0.787
max_ball_feet0200.png,1,8,1,7,0,14.697,8.548,0.766
bs4-382.png,1,8,1,7,0,9.621,8.438,0.778
pip_ball_bottom0393.png,1,8,1,7,0,18.817,20.860,1.407
robby_ball_line0221.png,1,8,1,7,0,19.574,12.064,1.360
eobr412.png,0,8,0,8,0,11.611,8.478,0.805
eliza_ball_line_30028.png,1,8,1,7,0,11.892,9.006,0.788
oisin_ball_robot0971.png,0,8,0,8,0,10.597,8.703,0.785
pip_ball_bottom_robots0152.png,1,8,1,7,0,14.654,8.628,0.779
IMG_20260512_223020~2.jpg,0,8,0,8,0,5.522,8.689,0.783
IMG_20260512_222500~2.jpg,1,8,1,7,0,5.662,8.485,0.771
IMG_20260512_222936.jpg,1,8,1,7,0,5.520,8.407,0.750
mA963.png,1,8,1,7,0,10.864,8.962,0.791
alfie_lm_ball_line0511.png,1,8,1,7,0,10.462,8.785,0.750
pip_ball_bottom0417.png,1,8,1,7,0,14.769,8.534,0.771
IMG_20260512_222500.jpg,1,8,1,7,0,5.655,8.531,0.744
bs1-30.png,0,8,0,8,0,9.709,8.496,0.749
IMG_20260512_223038~2.jpg,1,8,1,7,0,5.455,8.437,0.765
bs4-323.png,0,8,0,8,0,9.737,8.753,0.779
robby_rc16_ball20204.png,0,8,0,8,0,10.402,8.762,0.761
pip_natLight_ball_30431.png,1,8,1,7,0,10.262,8.789,0.785
bs404.png,1,8,1,7,0,9.696,8.447,0.745
ivy_ball_moving0126.png,1,8,1,7,0,14.934,9.215,0.793
IMG_20260512_223453~3.jpg,1,8,1,7,0,5.255,8.784,0.756
IMG_20260512_223023~3.jpg,1,8,1,7,0,5.296,8.760,0.766
bs3-152.png,0,8,0,8,0,9.412,8.865,0.767
oisin_ball_robot0721.png,1,8,0,8,1,10.719,11.054,0.855
IMG_20260512_222054.jpg,1,8,1,7,0,6.100,8.976,0.760
mA530.png,0,8,0,8,0,10.184,8.671,0.849
max_ball_moving0490.png,1,8,1,7,0,12.051,8.994,0.825
IMG_20260512_222610~2.jpg,0,8,0,8,0,5.278,8.914,0.749
pip_natLight_moving_t0796.png,0,8,0,8,0,10.524,8.820,0.788
IMG_20260512_222556~2.jpg,2,8,2,6,0,5.482,8.807,0.784
alfie_lm_ball_line0225.png,1,8,1,7,0,10.368,8.479,0.765
robby_rc16_ball20591.png,1,8,1,7,0,10.390,8.502,0.738
max_ball_moving0439.png,0,8,0,8,0,11.981,9.296,0.798
IMG_20260512_222104~3.jpg,2,8,2,6,0,5.435,8.613,0.777
robby_rc16_ball20210.png,2,8,2,6,0,10.665,8.561,0.763
IMG_20260512_222558~2.jpg,2,8,2,6,0,5.323,9.300,0.791
eliza_ball_01070245.png,1,8,1,7,0,14.674,8.542,0.861
max_ball_bottom0366.png,1,8,1,7,0,12.957,8.631,0.765
IMG_20260512_222931.jpg,1,8,1,7,0,5.416,8.570,0.772
IMG_20260512_223015.jpg,1,8,1,7,0,5.277,8.525,0.767
pip_ball_bottom_robots0090.png,1,8,1,7,0,14.931,8.780,0.801
pip_ball_bottom0369.png,1,8,1,7,0,14.996,8.732,0.770
IMG_20260512_223032~2.jpg,2,8,1,7,1,5.354,8.627,0.781
bs4-166.png,1,8,1,7,0,9.784,9.400,1.216
pip_ball_size0186.png,1,8,1,7,0,14.960,8.519,0.837
robby_ball_far0581.png,1,8,1,7,0,10.758,8.842,0.789
eliza_ball_line_10121.png,1,8,1,7,0,13.636,8.497,0.743
robby_ball_far0479.png,0,8,0,8,0,10.825,8.492,0.779
IMG_20260512_222439~2.jpg,0,8,0,8,0,5.325,8.426,0.784
IMG_20260512_222521~3.jpg,1,8,1,7,0,5.495,8.408,0.774
robby_rc16_ball0374.png,1,8,1,7,0,10.231,8.696,1.110
robby_ball_far0408.png,1,8,1,7,0,10.867,8.920,0.792
IMG_20260512_222618.jpg,1,8,1,7,0,5.322,8.868,0.765
IMG_20260512_223017.jpg,1,8,1,7,0,5.284,9.021,0.774
IMG_20260512_223432.jpg,2,8,2,6,0,5.237,8.863,0.813
IMG_20260512_222128~3.jpg,1,8,1,7,0,5.295,8.645,0.768
IMG_20260512_222500~3.jpg,0,8,0,8,0,5.515,8.602,0.789
IMG_20260512_223015~3.jpg,1,8,1,7,0,5.330,8.601,0.766
pip_natLight_ball_10171.png,0,8,0,8,0,11.056,8.823,0.995
IMG_20260512_223026~2.jpg,1,8,1,7,0,5.391,10.824,0.823
IMG_20260512_222612.jpg,0,8,0,8,0,5.694,9.566,0.779
eliza_ball_01070551.png,1,8,1,7,0,14.435,8.556,0.775
robby_ball_far0318.png,1,8,1,7,0,10.965,8.889,0.806
alfie_lm_ball_line0148.png,1,8,1,7,0,10.511,8.897,0.759
mA387.png,1,8,1,7,0,10.043,8.457,0.783
robby_rc16_ball20137.png,2,8,1,7,1,11.205,8.400,0.842
eliza_ball_line_10138.png,1,8,1,7,0,15.166,9.301,1.181
pip_natLight_moving_b0056.png,0,8,0,8,0,16.250,10.402,0.760
robby_rc16_ball0432.png,1,8,1,7,0,10.271,8.777,0.762
max_ball_bottom0220.png,1,8,1,7,0,11.079,8.908,0.747
oisin_ball_robot0611.png,1,8,1,7,0,11.137,10.205,0.790
pip_ball_bottom0249.png,1,8,1,7,0,12.741,8.794,0.744
IMG_20260512_222508~2.jpg,1,8,1,7,0,5.564,8.934,0.762
eliza_ball_line_30075.png,2,8,1,7,1,12.093,8.401,0.808
eliza_ball_line_50147.png,2,8,2,6,0,12.870,8.903,0.775
robby_ball_far0353.png,1,8,1,7,0,10.822,11.137,0.810
IMG_20260512_222052~3.jpg,2,8,2,6,0,5.633,10.723,0.797
IMG_20260512_222918.jpg,0,8,0,8,0,5.642,8.848,0.762
pip_natLight_moving_t0756.png,0,8,0,8,0,13.110,11.026,1.156
eobr1024.png,0,8,0,8,0,8.577,8.795,0.776
IMG_20260512_223309.jpg,1,8,1,7,0,5.349,8.912,0.771
max_ball_moving0364.png,1,8,1,7,0,11.529,9.901,0.804
pip_ball_bottom0203.png,1,8,1,7,0,14.096,9.004,0.781
pip_natLight_moving_t0211.png,0,8,0,8,0,10.375,8.531,0.821
max_ball_kickoff0085.png,1,8,1,7,0,12.733,9.027,0.756
max_ball_moving0382.png,1,8,1,7,0,11.580,8.477,0.808
eliza_ball_line_30073.png,2,8,2,6,0,12.420,8.573,0.804
robby_rc16_ball0566.png,1,8,1,7,0,10.684,8.423,0.750
eliza_ball_01070090.png,1,8,1,7,0,14.829,8.689,0.839
IMG_20260512_222613~3.jpg,0,8,0,8,0,5.402,8.553,0.751
IMG_20260512_222417~3.jpg,1,8,1,7,0,5.423,8.877,0.772
eliza_ball_line_30039.png,1,8,1,7,0,11.784,8.637,0.783
max_ball_kickoff0145.png,1,8,1,7,0,14.894,8.682,0.729
len_goalie0486.png,1,8,1,7,0,15.023,8.911,0.775
eliza_ball_line_50067.png,2,8,1,7,1,11.641,8.376,0.773
oisin_ball_robot1096.png,0,8,0,8,0,11.332,8.536,0.813
eliza_ball_line_30234.png,2,8,2,6,0,11.281,8.872,0.787
IMG_20260512_222523.jpg,1,8,1,7,0,5.494,8.874,0.762
eobr453.png,0,8,0,8,0,9.768,8.812,0.785
IMG_20260512_223328~2.jpg,1,8,1,7,0,5.482,9.387,0.777
oisin_ball_robot0096.png,3,8,2,6,1,12.594,8.469,0.773
eliza_ball_01070253.png,1,8,1,7,0,14.751,8.761,0.753
mA922.png,1,8,1,7,0,9.826,8.638,0.794
oisin_ball_robot0946.png,0,8,0,8,0,11.634,8.386,0.783
eliza_ball_line_30112.png,2,8,1,7,1,12.546,8.912,0.769
max_ball_kickoff0125.png,1,8,1,7,0,14.936,8.567,0.718
IMG_20260512_222413.jpg,1,8,1,7,0,5.597,8.604,0.757
max_ball_moving0331.png,0,8,0,8,0,12.087,8.721,0.890
IMG_20260512_223337~3.jpg,0,8,0,8,0,5.371,8.554,0.763
robby_ball_far0519.png,0,8,0,8,0,10.981,8.836,0.775
robby_ball_line0569.png,1,8,1,7,0,15.057,8.581,0.784
IMG_20260512_223006~2.jpg,1,8,1,7,0,5.576,8.503,0.743
IMG_20260512_223442.jpg,1,8,1,7,0,5.497,8.421,0.749
eliza_ball_01070257.png,1,8,1,7,0,14.558,9.182,0.769
robby_ball_line0386.png,1,8,1,7,0,14.953,8.535,0.767
oisin_ball_robot1061.png,0,8,0,8,0,11.540,8.463,0.761
ivy_ball_moving0047.png,1,8,1,7,0,13.111,8.774,0.796
bs4-116.png,0,8,0,8,0,9.558,8.777,0.751
pip_ball_moving0031.png,1,8,1,7,0,14.776,8.887,0.775
IMG_20260512_223048~3.jpg,2,8,2,6,0,5.328,8.585,0.737
IMG_20260512_222545.jpg,1,8,1,7,0,5.365,8.527,0.786
max_ball_moving0373.png,1,8,1,7,0,11.641,8.804,0.808
IMG_20260512_222107~3.jpg,2,8,2,6,0,5.486,9.063,0.773
max_ball_bottom0276.png,1,8,1,7,0,11.067,11.120,0.776
bs4-22.png,0,8,0,8,0,10.709,9.541,1.130
IMG_20260512_223424~2.jpg,2,8,2,6,0,5.529,8.454,0.772
max_ball_bottom0141.png,1,8,1,7,0,10.340,8.978,0.783
max_ball_feet0199.png,1,8,1,7,0,15.233,8.581,0.741
IMG_20260512_223038.jpg,1,8,1,7,0,5.685,8.359,0.748
pip_natLight_moving_b0141.png,0,8,0,8,0,11.069,9.060,0.907
IMG_20260512_223009~3.jpg,1,8,1,7,0,5.301,8.411,0.767
oisin_ball_robot1021.png,0,8,0,8,0,10.800,8.524,0.775
IMG_20260512_222509.jpg,1,8,1,7,0,5.443,8.619,0.771
max_ball_moving0210.png,0,8,0,8,0,12.389,8.488,0.803
IMG_20260512_223419~3.jpg,2,8,1,7,1,5.147,8.448,0.751
robby_ball_far0147.png,1,8,1,7,0,10.942,8.394,0.758
alfie_lm_ball_line0389.png,1,8,1,7,0,10.872,9.019,0.739
max_ball_bottom0082.png,1,8,1,7,0,10.160,8.540,0.768
IMG_20260512_222045.jpg,2,8,2,6,0,5.208,8.519,0.759
IMG_20260512_222109~2.jpg,1,8,1,7,0,5.412,8.743,0.890
robby_ball_far0623.png,1,8,1,7,0,10.853,8.552,0.983
max_ball_bottom0342.png,1,8,1,7,0,11.119,8.627,0.737
IMG_20260512_222947.jpg,1,8,1,7,0,5.377,9.005,0.765
pip_ball_bottom_robots0080.png,1,8,1,7,0,14.527,8.603,0.930
eliza_ball_line_50060.png,1,8,1,7,0,12.664,8.896,0.796
IMG_20260512_223342.jpg,1,8,1,7,0,5.360,8.879,0.777
IMG_20260512_222601.jpg,2,8,2,6,0,5.246,8.828,0.758
max_ball_feet0294.png,1,8,1,7,0,14.443,8.569,0.742
robby_ball_line0222.png,1,8,1,7,0,15.208,9.196,0.782
alfie_lm_ball_line0026.png,1,8,1,7,0,10.232,8.837,0.745
eobr809.png,2,8,2,6,0,10.418,8.455,0.813
IMG_20260512_222113~3.jpg,1,8,1,7,0,5.839,8.503,0.776
ivy_ball_moving0149.png,1,8,1,7,0,13.326,8.942,0.799
IMG_20260512_223429~3.jpg,2,8,2,6,0,5.295,8.690,0.779
max_ball_bottom0393.png,1,8,1,7,0,12.070,8.921,0.776
IMG_20260512_222423.jpg,1,8,1,7,0,5.357,8.868,0.775
pip_ball_bottom0177.png,1,8,1,7,0,13.719,8.558,0.769
mA602.png,0,8,0,8,0,10.597,11.320,0.792
eliza_ball_line_10216.png,1,8,1,7,0,15.888,8.581,0.761
bs4-391.png,1,8,1,7,0,9.896,8.436,0.850
IMG_20260512_222457.jpg,1,8,1,7,0,5.344,8.455,0.762
max_ball_kickoff0094.png,1,8,1,7,0,11.969,8.890,0.780
eliza_ball_line_10132.png,1,8,1,7,0,15.201,8.647,0.766
