image,gt,pred,confidence,pre_ms,infer_ms,post_ms,total_ms,correct
8521e719-05e9-426e-abd8-14f2f28452bb.jpg,fist,fist,0.9999,1.200,3230.212,0.007,3231.420,1
7f28c6f9-c59a-46aa-b982-54beac411470.jpg,palm,palm,1.0000,1.200,3230.213,0.007,3231.421,1
a245f2a6-e099-4753-899a-401b253b15f6.jpg,palm,palm,1.0000,1.200,3230.205,0.007,3231.413,1
97176b4c-c70b-4009-b67e-9d4e412f900e.jpg,fist,fist,1.0000,1.200,3230.208,0.007,3231.416,1
d5e6c115-f08c-44a8-8127-5b0aff906136.jpg,rock,rock,1.0000,1.200,3230.213,0.007,3231.421,1
76764a81-d6f7-410b-813f-974e0fc973ca.jpg,rock,rock,1.0000,1.200,3230.210,0.007,3231.417,1
4ae46057-5eff-45a9-b572-eb8760fdcf4f.jpg,rock,rock,1.0000,1.200,3230.206,0.007,3231.414,1
bae1a41b-4eb0-4ea9-9450-f1f02a077530.jpg,palm,palm,1.0000,1.200,3230.208,0.007,3231.416,1
975482e0-1ef6-4fac-9e87-9c5d1dbca6b4.jpg,fist,fist,0.9992,1.200,3230.210,0.007,3231.417,1
134288fb-731d-4603-a36c-d6c77fdc38c4.jpg,palm,palm,1.0000,1.200,3230.205,0.007,3231.413,1
6a3ad6d6-97cd-4942-a9c4-a1a9cd237d8e.jpg,fist,fist,1.0000,1.200,3230.211,0.007,3231.419,1
7fa7a0aa-82f1-451e-bdff-3a660b8a6460.jpg,fist,fist,1.0000,1.200,3230.211,0.007,3231.418,1
37311094-4854-4104-9fe0-ea2679ba7123.jpg,others,others,1.0000,1.200,3230.213,0.007,3231.420,1
4c4be109-cc6d-4ce8-9cb5-59b3c69963fd.jpg,one,one,1.0000,1.200,3230.209,0.007,3231.417,1
84a7cdc8-95a8-45bc-afbc-108a39a91670.jpg,palm,palm,1.0000,1.200,3230.208,0.007,3231.416,1
2fed9ef6-3071-4251-965b-12397897a197.jpg,one,one,1.0000,1.200,3230.213,0.008,3231.421,1
f7fb402e-6aaa-439f-ada5-5e75110c4818.jpg,pinkie,pinkie,0.9999,1.200,3230.208,0.007,3231.416,1
20df222c-b55b-4b6a-8ef7-b5f56bd8be63.jpg,palm,palm,0.9998,1.200,3230.215,0.007,3231.423,1
3d26476f-de3e-489a-88d1-4d37932610ee.jpg,palm,palm,1.0000,1.200,3230.205,0.007,3231.413,1
5b0e5352-f679-41bb-a8e5-16756947cfee.jpg,palm,palm,1.0000,1.200,3230.211,0.007,3231.419,1
ee1c4544-0759-44f0-8d24-cd4e531928f7.jpg,rock,rock,0.9998,1.200,3230.214,0.007,3231.422,1
6275bd81-17e7-4234-a011-b10d04e827e4.jpg,rock,rock,1.0000,1.200,3230.208,0.007,3231.416,1
a6492227-46d4-466e-b761-75fea55fa56a.jpg,one,one,1.0000,1.200,3230.208,0.007,3231.415,1
1ab0dce7-f20d-47d5-90cf-67d9fed59d69.jpg,one,one,1.0000,1.200,3230.208,0.007,3231.416,1
26d8e336-bd58-4cd1-ac5a-978b1ed2c658.jpg,palm,palm,1.0000,1.200,3230.214,0.007,3231.421,1
6c499bc1-239f-4c3b-9945-f2d8c24e6a3c.jpg,one,one,1.0000,1.200,3230.213,0.007,3231.421,1
179d2b6e-e9e7-4f8e-9291-3b4079531843.jpg,rock,rock,1.0000,1.200,3230.205,0.007,3231.413,1
10afa18c-7b50-4203-9cc4-09b6cc4c9eda.jpg,fist,fist,1.0000,1.200,3230.209,0.007,3231.417,1
53093f30-646b-423d-9274-9644d0da0d9e.jpg,fist,fist,1.0000,1.200,3230.213,0.007,3231.420,1
c9860fec-5912-463d-80c6-71aaa2d6db4b.jpg,fist,fist,0.9730,1.200,3230.214,0.007,3231.422,1
626c2b46-87b6-4c24-93f7-fca5be7f4761.jpg,one,one,0.9363,1.200,3230.207,0.007,3231.414,1
7d4bc239-a527-4566-ba33-4f1da6963ae3.jpg,pinkie,pinkie,1.0000,1.200,3230.206,0.007,3231.413,1
42403d30-55c6-4dd8-8cc9-cc57263508ee.jpg,rock,rock,1.0000,1.200,3230.211,0.007,3231.419,1
72a7fb76-3ebc-4134-8184-04a7d3d692f7.jpg,pinkie,pinkie,0.9977,1.200,3230.208,0.007,3231.416,1
9c91e6af-2ee0-4fc8-a071-0b45ccb986e1.jpg,one,one,0.9988,1.200,3230.212,0.007,3231.419,1
fa56e33c-52c4-4769-9e80-6b187b2cf801.jpg,rock,rock,1.0000,1.200,3230.208,0.007,3231.416,1
31ebb63f-2a99-4524-ae3b-054c8a53f990.jpg,others,others,0.9954,1.200,3230.205,0.007,3231.413,1
b2a95877-f61e-4f72-b9dd-1949c613bab8.jpg,others,others,1.0000,1.200,3230.207,0.007,3231.415,1
a2487d83-1c24-4823-918d-62082074d5dc.jpg,palm,palm,1.0000,1.200,3230.210,0.007,3231.418,1
84fd3c55-a4d7-4d5e-b4ba-2c66f216c6a6.jpg,fist,fist,1.0000,1.200,3230.214,0.007,3231.421,1
33d941e3-016e-451c-92d5-17bb76105a8f.jpg,others,others,0.9775,1.200,3230.215,0.007,3231.422,1
52a41f02-e3d3-45dd-9bc2-a8ed34a6360d.jpg,rock,rock,1.0000,1.200,3230.213,0.007,3231.420,1
82f07e2a-a245-4fc9-849a-36ea7c07bcb1.jpg,fist,fist,1.0000,1.200,3230.208,0.007,3231.416,1
7250fbef-127e-47eb-9d2d-4dcebd9227aa.jpg,pinkie,pinkie,1.0000,1.200,3230.213,0.007,3231.421,1
7bbff52d-7930-43e7-b5df-f64c09a43a5e.jpg,pinkie,pinkie,1.0000,1.200,3230.210,0.007,3231.418,1
139770b0-49eb-4be5-86ae-dbef1e164576.jpg,rock,rock,1.0000,1.200,3230.214,0.007,3231.421,1
721e669a-f282-4340-9632-99e841b9c9d7.jpg,rock,pinkie,0.9110,1.200,3230.212,0.007,3231.420,0
8aa95823-8060-472a-9a47-4292d0b137a7.jpg,rock,rock,1.0000,1.200,3230.214,0.007,3231.422,1
aaec1215-8e7a-48c5-b892-f6cf05146c55.jpg,others,others,1.0000,1.200,3230.206,0.007,3231.413,1
383fd300-0aac-497d-99a7-ecf2411cac76.jpg,pinkie,pinkie,1.0000,1.200,3230.216,0.007,3231.424,1
4fe9c335-64ca-4a67-84bb-669f82eca733.jpg,palm,palm,1.0000,1.200,3230.214,0.007,3231.422,1
942fbed6-7d4b-47da-97a6-5310f2b91afa.jpg,palm,palm,1.0000,1.200,3230.206,0.007,3231.414,1
88090456-53d8-4788-830a-7f5fb769bc38.jpg,pinkie,pinkie,1.0000,1.200,3230.208,0.007,3231.415,1
ca74306f-11d5-4a66-ade5-308296c1bc69.jpg,palm,palm,1.0000,1.200,3230.206,0.007,3231.414,1
fd6c1086-ed62-4fe1-b436-b6d0e896705c.jpg,pinkie,pinkie,1.0000,1.200,3230.208,0.007,3231.415,1
943132b4-24aa-43d4-879e-c202f759bfa1.jpg,others,rock,0.9696,1.200,3230.206,0.007,3231.414,0
d1a51bd4-4dc5-4fe5-9f8a-7d541d45515f.jpg,pinkie,pinkie,1.0000,1.200,3230.207,0.007,3231.415,1
53880da9-3a7f-4568-837a-4c08aaafa664.jpg,one,one,0.9999,1.200,3230.215,0.007,3231.423,1
b62bc376-436f-4a0f-b5c8-162dabb4eeb0.jpg,rock,rock,1.0000,1.200,3230.205,0.007,3231.413,1
826033f1-e3c9-4eb1-ad21-bf6c8dcdc918.jpg,others,others,0.9970,1.200,3230.212,0.007,3231.419,1
8f03b871-9c40-4a5f-a756-467e533919d7.jpg,palm,palm,1.0000,1.200,3230.212,0.007,3231.420,1
b6095416-b11b-4ee9-aa48-db779399973b.jpg,fist,fist,1.0000,1.200,3230.213,0.007,3231.420,1
4fad6fe7-535a-42e7-97ef-5fec6ab193a4.jpg,one,one,0.9997,1.200,3230.204,0.007,3231.411,1
62c5ba2b-75d2-4edf-a2d7-9853e240656c.jpg,one,one,1.0000,1.200,3230.211,0.007,3231.418,1
44170378-3980-41f5-94f5-5be51c8a1858.jpg,palm,palm,1.0000,1.200,3230.212,0.007,3231.420,1
bb00c30f-dd9c-4dc1-af19-84c5d7bbba2e.jpg,pinkie,pinkie,1.0000,1.200,3230.213,0.007,3231.421,1
98a069b9-fef6-4d0e-bd6e-093b96d4740a.jpg,palm,palm,1.0000,1.200,3230.215,0.007,3231.423,1
1617efbb-3333-44cc-bb61-45662921606b.jpg,one,one,1.0000,1.200,3230.212,0.007,3231.420,1
9dac345e-b9b6-474e-96ad-d5c7496be764.jpg,rock,rock,1.0000,1.200,3230.208,0.007,3231.416,1
7892d716-c8ac-4d24-9e8f-b7bedfb457f1.jpg,others,others,1.0000,1.200,3230.205,0.007,3231.413,1
a1ceba56-f308-428a-8100-7b0199f07327.jpg,fist,fist,1.0000,1.200,3230.209,0.007,3231.416,1
46b3bb1a-1f1f-4a99-8088-f58ed5a58b8e.jpg,fist,fist,1.0000,1.200,3230.213,0.007,3231.420,1
3aa91be8-e7e7-4e49-9574-4abe7ed2bdc8.jpg,others,others,1.0000,1.200,3230.212,0.007,3231.419,1
79681775-0557-4dfb-a7d0-4df030f6cb8a.jpg,others,others,0.9999,1.200,3230.212,0.007,3231.419,1
75c5d8da-95b2-4d4f-9fee-db9fd6f1c332.jpg,pinkie,others,0.9255,1.200,3230.212,0.007,3231.419,0
f6f48371-e9cb-4eb8-94f4-36309eb07939.jpg,one,one,1.0000,1.200,3230.211,0.007,3231.418,1
d074c775-8b77-4d26-b6a4-8f4750065b7e.jpg,rock,rock,1.0000,1.200,3230.213,0.007,3231.421,1
246ae25c-edfc-4963-8dad-607fc92070a2.jpg,fist,fist,1.0000,1.200,3230.215,0.007,3231.423,1
80bb18b3-bf40-43ad-9fbe-fd3e2fb21b10.jpg,palm,palm,1.0000,1.200,3230.213,0.007,3231.420,1
e75f8c08-ac4b-4cb6-9656-cab602684ce4.jpg,palm,palm,1.0000,1.200,3230.207,0.007,3231.415,1
e9b93bd1-8dfe-47e3-943b-c44e02cdaef9.jpg,fist,fist,1.0000,1.200,3230.213,0.007,3231.420,1
09fb227c-9e56-41f5-9688-81bda68bf83c.jpg,rock,rock,1.0000,1.200,3230.213,0.007,3231.420,1
a9952b51-ae2c-4648-b8aa-842bc6032771.jpg,others,others,0.9999,1.200,3230.207,0.007,3231.415,1
6956ca18-73e2-4ef8-8882-3531be586af3.jpg,rock,rock,1.0000,1.200,3230.208,0.007,3231.416,1
46503cd8-8317-4a9b-85c0-5919c532e209.jpg,palm,palm,1.0000,1.200,3230.212,0.007,3231.420,1
d046906a-e4fd-406e-94fe-758cbbe762ec.jpg,others,others,0.9994,1.200,3230.207,0.007,3231.415,1
2110d009-ad19-4dd0-ad42-c41a9f6957ba.jpg,rock,rock,0.9996,1.200,3230.208,0.007,3231.416,1
975b68c0-f20c-4994-9030-6e71d18d1c3a.jpg,others,others,0.9953,1.200,3230.215,0.007,3231.423,1
7d48d1b7-2d3a-4c8c-885d-16d5533440fc.jpg,palm,palm,1.0000,1.200,3230.213,0.007,3231.421,1
79cf8e42-f65d-4ab3-8d34-77c7de01a46f.jpg,pinkie,pinkie,1.0000,1.200,3230.208,0.007,3231.416,1
556311f8-b834-49c7-a0ef-802870b440d6.jpg,rock,rock,1.0000,1.200,3230.210,0.007,3231.418,1
2923059a-880e-4942-99c9-02b9550b5d40.jpg,pinkie,pinkie,0.9821,1.200,3230.213,0.007,3231.421,1
1203638d-e3d0-4b4c-8f73-351bb847a45f.jpg,fist,fist,1.0000,1.200,3230.212,0.007,3231.419,1
93218726-4101-480a-9aae-dd1793bc70a6.jpg,others,others,0.9996,1.200,3230.214,0.007,3231.421,1
79bc35c7-c15d-42a1-a53b-ad59cccc7477.jpg,pinkie,pinkie,1.0000,1.200,3230.206,0.007,3231.414,1
31127f1b-0f96-4f0b-98b4-a83f209153a3.jpg,rock,rock,1.0000,1.200,3230.205,0.007,3231.413,1
c6140018-526a-4dd8-bd0a-70acbb5569aa.jpg,pinkie,pinkie,1.0000,1.200,3230.215,0.007,3231.422,1
a9b2a6ef-952f-46a1-be05-ab4436f080b6.jpg,pinkie,pinkie,1.0000,1.200,3230.206,0.007,3231.413,1
ab1352c7-dcfe-4885-8850-52f3a2891c08.jpg,rock,rock,1.0000,1.200,3230.212,0.007,3231.420,1
d6b6994e-63e0-4a64-8fc4-66523e564a7c.jpg,fist,fist,1.0000,1.200,3230.215,0.007,3231.423,1
74d9f43d-d1a7-4eb2-b5c4-8c326195bc7d.jpg,rock,rock,1.0000,1.200,3230.212,0.007,3231.420,1
4305dfd7-f1a6-4bce-87bc-16a1313b655f.jpg,fist,fist,1.0000,1.200,3230.206,0.007,3231.414,1
8aea22c4-b113-40ca-9bd3-366c4a7c4475.jpg,fist,fist,1.0000,1.200,3230.213,0.007,3231.420,1
afb5aa47-8940-4898-a32b-cae1b9345b6a.jpg,fist,fist,1.0000,1.200,3230.206,0.007,3231.414,1
46f6fc84-31dd-4e6d-87aa-4a2ec7d907ee.jpg,palm,palm,1.0000,1.200,3230.215,0.007,3231.423,1
d0b714a3-1a43-4e3f-843f-85eb4210eeb3.jpg,one,one,1.0000,1.200,3230.205,0.007,3231.413,1
aed6ebf0-3f47-49be-89dd-ec75a702afdb.jpg,fist,fist,1.0000,1.200,3230.211,0.007,3231.419,1
f22dc8d8-3b2d-4909-bc3c-6fe9c9de6282.jpg,rock,rock,1.0000,1.200,3230.208,0.007,3231.416,1
ff432cec-0bc2-4877-9adb-f04fa62038a2.jpg,one,one,1.0000,1.200,3230.212,0.007,3231.420,1
2f938ba9-ada5-4eb6-8814-ac15d061e548.jpg,fist,fist,1.0000,1.200,3230.213,0.007,3231.420,1
fa733708-ae99-46d1-adfc-0fbbbff5efbf.jpg,rock,rock,0.9995,1.200,3230.214,0.007,3231.422,1
d3a25b9e-d87c-474f-a823-de30d4d2841f.jpg,rock,rock,1.0000,1.200,3230.209,0.007,3231.417,1
e972964e-4856-48c3-b495-cb7e2b86eb38.jpg,one,one,0.6058,1.200,3230.208,0.007,3231.415,1
acd782d4-d9af-46da-9fab-d5af7b347258.jpg,pinkie,rock,0.3935,1.200,3230.212,0.007,3231.420,0
6356e9b5-0685-4429-bfc5-f3c3126adbc9.jpg,rock,rock,0.9955,1.200,3230.215,0.007,3231.422,1
421d0108-dea6-42e3-8a9e-a3647804f02c.jpg,fist,fist,1.0000,1.200,3230.214,0.007,3231.422,1
a62210ea-923e-4925-b603-e79eb8d3dc98.jpg,fist,fist,1.0000,1.200,3230.210,0.007,3231.418,1
59f04e8f-57f9-4cd2-b4c9-19d0dfce1102.jpg,one,one,1.0000,1.200,3230.205,0.007,3231.413,1
381cc555-0c4f-44ff-9ce5-cdb89877ccae.jpg,rock,rock,1.0000,1.200,3230.213,0.007,3231.421,1
98e15309-7718-489f-a0b8-04b0fa4b59bf.jpg,fist,fist,0.9996,1.200,3230.207,0.007,3231.415,1
2142d14e-7eb1-4b5d-8f4b-7b0bfee43390.jpg,pinkie,pinkie,0.9982,1.200,3230.215,0.007,3231.422,1
11c6fdaa-0351-4cce-8aa8-b1b888adb28d.jpg,others,others,0.9999,1.200,3230.206,0.007,3231.414,1
2bd29354-a697-4b87-b85f-816e26adecd2.jpg,others,others,0.9681,1.200,3230.207,0.007,3231.415,1
36251a72-187b-497a-b1f0-aa79a77f4593.jpg,others,others,1.0000,1.200,3230.208,0.007,3231.416,1
fdf868fd-5936-428c-acf4-d9c6da19e37b.jpg,palm,palm,0.9993,1.200,3230.212,0.007,3231.419,1
dddbf91e-4c49-495a-872d-65f71b5d0371.jpg,rock,rock,1.0000,1.200,3230.206,0.007,3231.414,1
d0ce70a1-ba2c-4769-ba6e-9fdca27e4454.jpg,others,others,0.9995,1.200,3230.214,0.007,3231.421,1
da5080bc-5ce7-4c99-8389-7ff74fd2f9be.jpg,palm,palm,1.0000,1.200,3230.212,0.007,3231.419,1
d04fa7fe-1cdb-4659-a172-3d38873ba89a.jpg,others,others,0.9995,1.200,3230.208,0.007,3231.416,1
25b7e89f-dcde-4f34-b8eb-9f234451c6f5.jpg,pinkie,pinkie,1.0000,1.200,3230.205,0.007,3231.413,1
85dc7ad9-ef39-4cff-af75-8e795a7acdee.jpg,pinkie,pinkie,1.0000,1.200,3230.212,0.008,3231.420,1
faaedd88-21eb-42d5-93c4-c3b9649fa4b9.jpg,rock,rock,1.0000,1.200,3230.210,0.007,3231.418,1
5c5c8bb8-7626-4b41-8232-2222f9f9a54a.jpg,palm,palm,1.0000,1.200,3230.213,0.007,3231.421,1
e04879fe-ff15-4c55-b892-d67c15bdc31c.jpg,rock,rock,1.0000,1.200,3230.208,0.007,3231.416,1
599c30af-dd77-4855-9082-63032325e149.jpg,others,others,0.9998,1.200,3230.207,0.007,3231.415,1
6c545f53-8adb-468a-bcf4-564e217f520f.jpg,one,one,1.0000,1.200,3230.207,0.007,3231.414,1
15f2b140-624c-417f-85f7-bab7357b2a06.jpg,others,others,1.0000,1.200,3230.212,0.007,3231.420,1
edb57d6e-93ef-4627-9988-5ea04916c96f.jpg,fist,fist,1.0000,1.200,3230.207,0.007,3231.414,1
b2b42d7b-af57-48d7-8efd-270698f5aa25.jpg,pinkie,pinkie,1.0000,1.200,3230.207,0.007,3231.415,1
81bbb8cf-2a13-4f43-8430-0e482405ec57.jpg,rock,rock,1.0000,1.200,3230.210,0.007,3231.417,1
26a6a4f8-c5f9-4667-b782-95f0d01a71bd.jpg,fist,fist,1.0000,1.200,3230.213,0.007,3231.420,1
3aee4164-d9ee-4947-8ee5-2e208cb62bc8.jpg,one,one,1.0000,1.200,3230.208,0.007,3231.416,1
892375ad-7e1a-4fc9-83f4-bfebcf13da03.jpg,pinkie,pinkie,1.0000,1.200,3230.214,0.007,3231.422,1
39f7e8c4-b277-48b5-9b19-180cfd2b0795.jpg,others,one,0.9996,1.200,3230.208,0.007,3231.416,0
2c73ca3c-205c-40d2-8fdd-41186eddada9.jpg,others,rock,0.4486,1.200,3230.210,0.007,3231.417,0
752459e0-6bd1-4980-9808-da924a7a4abf.jpg,fist,fist,1.0000,1.200,3230.205,0.007,3231.413,1
c230e48f-9f64-4511-9c5d-40c443bcef56.jpg,one,one,1.0000,1.200,3230.208,0.007,3231.416,1
068369af-78dd-486f-8d7c-ac9ab48281dc.jpg,palm,palm,1.0000,1.200,3230.212,0.007,3231.419,1
57239b8b-4bcf-4967-9ec1-e6ed4b363b55.jpg,rock,rock,1.0000,1.200,3230.214,0.007,3231.422,1
8c54b179-66bc-4db4-91cb-3cfdefa9ade3.jpg,palm,palm,1.0000,1.200,3230.212,0.007,3231.420,1
525e284e-7c16-46dc-b16a-fe46e631b668.jpg,rock,rock,1.0000,1.200,3230.206,0.007,3231.414,1
e4951414-dd7d-4190-99d3-92d00b2eb6f1.jpg,fist,fist,1.0000,1.200,3230.209,0.007,3231.417,1
9714a192-2af5-498e-96e0-e5e72d591dfc.jpg,one,one,1.0000,1.200,3230.209,0.007,3231.417,1
f0b8e43a-2354-4bdc-97f2-50f87978679e.jpg,one,one,1.0000,1.200,3230.214,0.007,3231.421,1
7bc2d7bb-7882-454c-ae7e-c9664768ae09.jpg,rock,rock,1.0000,1.200,3230.207,0.007,3231.414,1
046ae137-429b-4145-96a0-94579f9d746b.jpg,fist,fist,1.0000,1.200,3230.209,0.007,3231.416,1
68144a0f-4d12-4c2f-8469-7c8b1c42ac17.jpg,one,one,1.0000,1.200,3230.205,0.007,3231.412,1
d228f7ab-9c05-45d6-abb6-04bbc4b641c5.jpg,pinkie,pinkie,1.0000,1.200,3230.208,0.007,3231.416,1
bf608b5b-5ba1-44bf-a1dd-6e6390438d46.jpg,others,others,0.9434,1.200,3230.206,0.007,3231.414,1
6da2ffaf-6567-4de7-bf9f-5c8146cc6e77.jpg,one,one,0.9936,1.200,3230.207,0.007,3231.415,1
5b838faa-73a5-484b-9937-cef87c6d25f1.jpg,pinkie,pinkie,1.0000,1.200,3230.209,0.007,3231.417,1
c02349ca-8b59-4c6e-b0df-2c8c6c5516bb.jpg,pinkie,pinkie,1.0000,1.200,3230.205,0.007,3231.413,1
2356cdc4-1b17-4090-bcd2-d6d4062ecc22.jpg,rock,rock,1.0000,1.200,3230.212,0.007,3231.419,1
e3e3a4ce-848b-4ec1-9b2d-0cf7829e0fd5.jpg,palm,palm,1.0000,1.200,3230.210,0.007,3231.417,1
47592ed0-6354-456a-a828-b49d0a4b6c84.jpg,one,one,0.9311,1.200,3230.213,0.007,3231.421,1
f68443b7-70d4-41e6-9ade-25e8d48b248b.jpg,one,one,1.0000,1.200,3230.206,0.007,3231.414,1
c5dc5c73-d3c3-43ae-9f0e-4e0e98436a76.jpg,palm,palm,1.0000,1.200,3230.205,0.007,3231.413,1
cb196fd2-6bb9-4c2f-be5f-e8ff0f1cef63.jpg,fist,fist,1.0000,1.200,3230.212,0.007,3231.420,1
0b428df7-3429-4a03-a4e4-691fdd51089e.jpg,palm,palm,1.0000,1.200,3230.208,0.007,3231.416,1
8d5f7ea8-7d5d-48d6-b08a-75cef8ae00c2.jpg,others,others,1.0000,1.200,3230.206,0.007,3231.414,1
5e339c08-8173-4b5b-8c02-a6b3d778bc45.jpg,palm,palm,1.0000,1.200,3230.213,0.007,3231.421,1
7b7b68d1-b8ee-4608-8bd2-6deeb386ea67.jpg,rock,rock,0.9999,1.200,3230.212,0.007,3231.419,1
8a8ef2e2-d543-4116-913e-f80fdcad8168.jpg,fist,fist,1.0000,1.200,3230.215,0.007,3231.423,1
a4e61fbe-048f-45fd-98c6-6b4a71fc62a3.jpg,rock,rock,0.9996,1.200,3230.210,0.007,3231.417,1
d7302d92-89ed-40d9-9287-f476116d6ea7.jpg,others,others,0.9959,1.200,3230.208,0.007,3231.416,1
59869044-1361-4977-808a-e7c737074a25.jpg,fist,fist,1.0000,1.200,3230.209,0.007,3231.417,1
3fbe3c0b-c006-4e72-9ad6-b2281347c21d.jpg,pinkie,pinkie,1.0000,1.200,3230.205,0.007,3231.413,1
5bdfdd1a-baac-4ce0-923e-6daf306cc1ab.jpg,one,one,1.0000,1.200,3230.209,0.007,3231.416,1
dbae9fdc-7221-40e7-acf3-2c3e198a203b.jpg,palm,palm,1.0000,1.200,3230.212,0.007,3231.420,1
f8821fd4-72e1-4cca-af84-76c9dc414ccc.jpg,pinkie,one,0.8851,1.200,3230.213,0.007,3231.421,0
6ccf9430-f180-4c9b-a0ab-4161757633b9.jpg,pinkie,pinkie,0.9995,1.200,3230.208,0.007,3231.416,1
d4e24485-1a30-4257-acc4-87e55d167083.jpg,one,one,0.9374,1.200,3230.210,0.007,3231.417,1
df408b94-c2f9-4c1c-9165-0caec3b263b9.jpg,one,one,0.6883,1.200,3230.206,0.007,3231.414,1
cdcd35b2-27bf-4569-8fbf-efbd082f485f.jpg,one,one,0.9973,1.200,3230.211,0.007,3231.418,1
28b0690e-2f42-4ab5-a1e6-311cb36bb4e6.jpg,rock,rock,1.0000,1.200,3230.215,0.007,3231.423,1
def9a905-129d-49b4-8c00-6c89394defb8.jpg,one,one,0.9973,1.200,3230.214,0.007,3231.421,1
d2470649-fde0-43d6-a7ed-394e5ecfc422.jpg,others,others,1.0000,1.200,3230.214,0.007,3231.421,1
8c5963ea-3fd0-408f-8820-ced48a33b2ff.jpg,palm,palm,1.0000,1.200,3230.206,0.007,3231.413,1
c15f7898-8115-4aac-8fd5-a3e34aac7210.jpg,fist,fist,1.0000,1.200,3230.216,0.007,3231.423,1
7e04db0d-1b6e-4595-84ab-5305e523171e.jpg,fist,fist,1.0000,1.200,3230.208,0.007,3231.416,1
c89ed221-0473-4c21-a3e9-9938f79c0193.jpg,palm,palm,1.0000,1.200,3230.212,0.007,3231.419,1
52f9ada0-48e1-4ce6-badb-d62be9ba7d2f.jpg,fist,fist,1.0000,1.200,3230.211,0.007,3231.418,1
695b86e5-0858-457c-8cc1-119d5fc3348a.jpg,others,others,0.9936,1.200,3230.215,0.007,3231.423,1
a2c10530-67f2-4ba7-a838-67f4cb5a6a55.jpg,one,rock,0.7141,1.200,3230.206,0.007,3231.413,0
2e12bc11-4c18-4529-9014-4f215c524616.jpg,fist,fist,0.6841,1.200,3230.211,0.007,3231.419,1
3dbdacf9-1507-45da-b0cb-f538ede9ae24.jpg,rock,rock,1.0000,1.200,3230.213,0.007,3231.420,1
128e49fd-b997-41ee-afb2-3b040d06af05.jpg,others,others,0.9959,1.200,3230.211,0.007,3231.419,1
8b92aa55-fde6-4db7-a4ff-ce31930ecb18.jpg,fist,fist,1.0000,1.200,3230.214,0.007,3231.422,1
413810c7-178b-4fb1-b0a4-ba60dce2dec9.jpg,pinkie,others,0.7460,1.200,3230.206,0.007,3231.414,0
7a54c713-690d-4b4f-872e-5e774fc29eae.jpg,palm,palm,1.0000,1.200,3230.207,0.007,3231.415,1
afd6b392-da53-4ef6-9324-d060b2b99add.jpg,rock,rock,1.0000,1.200,3230.207,0.007,3231.414,1
8c70c991-874c-4910-9ba5-b3922ccb9aee.jpg,pinkie,pinkie,1.0000,1.200,3230.208,0.007,3231.416,1
b8c1cab1-4d7f-421c-8f88-9701115cf600.jpg,rock,rock,1.0000,1.200,3230.212,0.007,3231.419,1
f4536107-acdf-4237-96cd-f1e9d38250a1.jpg,pinkie,pinkie,1.0000,1.200,3230.209,0.007,3231.416,1
19b99ae1-0d4e-45d9-b2a8-353c60af2d6c.jpg,palm,palm,1.0000,1.200,3230.206,0.007,3231.413,1
5ae05d06-5f32-4381-b309-a87b6dbd9d3b.jpg,fist,fist,1.0000,1.200,3230.214,0.007,3231.422,1
e48df0e6-f6aa-4f55-9998-d1aa0754ec7e.jpg,others,others,1.0000,1.200,3230.210,0.007,3231.418,1
8a53b940-01d7-4bbf-bcdd-a03edd4bd717.jpg,fist,fist,0.9960,1.200,3230.213,0.007,3231.420,1
6ed3723b-ab0e-4b2b-9951-c781266f631c.jpg,rock,rock,1.0000,1.200,3230.214,0.007,3231.422,1
5f0e5a87-0b51-43a3-a9bf-97528e8a35b9.jpg,one,one,1.0000,1.200,3230.215,0.007,3231.423,1
d93e8348-f0de-4737-b0ca-857ac12553cf.jpg,fist,fist,1.0000,1.200,3230.207,0.007,3231.415,1
43a57376-97f8-4adb-901d-a90cb6e26058.jpg,rock,rock,1.0000,1.200,3230.206,0.007,3231.414,1
2fbaf79c-000a-4aaf-b24a-dbbbf63151e3.jpg,one,one,1.0000,1.200,3230.208,0.007,3231.416,1
98604e6d-a04e-4940-9d91-afbc1c9ade79.jpg,others,others,0.9935,1.200,3230.211,0.007,3231.419,1
2ca6e093-64c1-48b2-93df-92fe24b8cf48.jpg,palm,palm,1.0000,1.200,3230.206,0.007,3231.414,1
4f45f4f3-5832-4e11-92fb-8a5d8734ff4d.jpg,others,others,1.0000,1.200,3230.213,0.007,3231.420,1
87024197-8239-4f17-b468-dacbf97645ab.jpg,fist,fist,1.0000,1.200,3230.215,0.007,3231.422,1
bcf84068-d3ce-40fe-837b-9a25b417227e.jpg,rock,rock,1.0000,1.200,3230.213,0.007,3231.420,1
a3d03d0b-56bc-4d5c-9152-380b11aa37d9.jpg,others,others,0.7095,1.200,3230.206,0.007,3231.414,1
ca3f4471-19e7-4112-a2bd-1995572b0bde.jpg,fist,fist,1.0000,1.200,3230.213,0.007,3231.421,1
2fbaf79c-000a-4aaf-b24a-dbbbf63151e3.jpg,one,one,1.0000,1.200,3230.215,0.007,3231.423,1
0d0caffe-b328-4c97-894c-199cc1c66421.jpg,one,one,0.9564,1.200,3230.212,0.007,3231.420,1
80f578f4-8e63-4f02-bb5c-b9c347aa70d7.jpg,rock,rock,1.0000,1.200,3230.206,0.007,3231.414,1
7b7b68d1-b8ee-4608-8bd2-6deeb386ea67.jpg,rock,rock,0.9999,1.200,3230.210,0.007,3231.418,1
4ba2bbd0-d093-4218-b529-1608cd972485.jpg,pinkie,pinkie,0.9998,1.200,3230.208,0.007,3231.416,1
956dfc1c-e1b9-439a-9ee7-7aa45155c02a.jpg,fist,fist,1.0000,1.200,3230.209,0.007,3231.417,1
a621bbcc-9647-433a-a9a1-00473abe7449.jpg,rock,rock,1.0000,1.200,3230.213,0.007,3231.420,1
9b16b715-b91c-4643-bdfe-5d2f7988c06b.jpg,one,one,1.0000,1.200,3230.206,0.007,3231.414,1
7165c1ce-75c1-4f34-898d-037a2d06a012.jpg,others,others,0.9999,1.200,3230.208,0.007,3231.416,1
5ca2694f-29d2-4494-822c-343b781e199f.jpg,one,one,1.0000,1.200,3230.207,0.007,3231.415,1
15981504-da7f-43bc-b9e7-6625b42afe32.jpg,palm,palm,1.0000,1.200,3230.213,0.007,3231.421,1
f3a3e0f1-ec96-4cfe-b2cf-0e7d52fff12e.jpg,one,one,1.0000,1.200,3230.213,0.007,3231.420,1
d02e23c6-e3d6-401a-bfe7-db5320fc7651.jpg,pinkie,pinkie,0.9902,1.200,3230.211,0.007,3231.419,1
060e6177-6435-459c-b0bd-8f04db3e4f02.jpg,one,one,1.0000,1.200,3230.205,0.007,3231.413,1
f356831f-cc42-4afb-b0a4-4c9676f40207.jpg,palm,palm,1.0000,1.200,3230.209,0.007,3231.416,1
1a8d1186-0e59-410c-91ec-115b840f7147.jpg,palm,palm,1.0000,1.200,3230.206,0.007,3231.414,1
806fcb81-ebb1-4b13-915c-f2b211ff7cd8.jpg,pinkie,pinkie,1.0000,1.200,3230.211,0.007,3231.419,1
ba9ba140-8fe0-4f28-92c8-53ef6bcdf60f.jpg,others,others,1.0000,1.200,3230.212,0.007,3231.420,1
4deb880a-fe2c-4e43-9452-c20182a27a11.jpg,others,others,0.9554,1.200,3230.207,0.007,3231.415,1
e91dd937-6eec-44db-8150-c1ce2f091619.jpg,others,others,0.9908,1.200,3230.215,0.007,3231.422,1
6be246de-946b-4c63-8c8e-517ffb04ab0f.jpg,pinkie,pinkie,0.9963,1.200,3230.206,0.007,3231.414,1
5b11ccda-8dd6-453a-ae12-63a7c500ba65.jpg,rock,rock,1.0000,1.200,3230.213,0.007,3231.421,1
3a22fb79-3ae1-47af-adab-550d10cb7281.jpg,palm,palm,1.0000,1.200,3230.212,0.007,3231.420,1
c6ee70f7-7c9a-465b-aabc-1b3a0de21021.jpg,rock,rock,1.0000,1.200,3230.206,0.007,3231.413,1
e96d57c1-ebdd-47ae-9df0-d0fba8e48001.jpg,others,others,0.9994,1.200,3230.210,0.007,3231.418,1
b2532751-48f3-4239-922e-d7f17bec6bd8.jpg,one,one,1.0000,1.200,3230.208,0.007,3231.416,1
5d772912-50c2-4260-9d0b-8fb65986509c.jpg,palm,palm,1.0000,1.200,3230.206,0.007,3231.414,1
062c306e-c593-4de8-8aed-f292beca6ddd.jpg,palm,palm,1.0000,1.200,3230.207,0.007,3231.415,1
04ad55f7-88f5-413e-bc27-1e538bf96818.jpg,fist,fist,1.0000,1.200,3230.212,0.007,3231.420,1
3d21e992-d60c-4aa0-9fdc-de9c409a477c.jpg,one,one,1.0000,1.200,3230.205,0.007,3231.413,1
60da3fbf-eeed-4907-a01f-9f690e622bf9.jpg,others,others,0.9930,1.200,3230.207,0.007,3231.415,1
4487668b-8c73-4636-918b-9fcda1f3bc4b.jpg,palm,others,0.3506,1.200,3230.209,0.007,3231.416,0
370b0ab3-1412-4ccf-8482-68db08fc2c8d.jpg,fist,fist,1.0000,1.200,3230.210,0.007,3231.418,1
779e6a95-d88b-4eec-9a03-ddc936378ce6.jpg,one,one,0.9845,1.200,3230.212,0.007,3231.420,1
d64d1277-ef0d-471a-836f-9f369b32f451.jpg,others,others,0.9362,1.200,3230.211,0.007,3231.419,1
9a583601-9ba6-4d16-98bd-0a64f8a4b495.jpg,palm,palm,1.0000,1.200,3230.213,0.007,3231.421,1
08391db4-41d0-43bd-9cdd-c0d15aeb3f54.jpg,palm,palm,1.0000,1.200,3230.209,0.007,3231.417,1
576d6d01-ed0a-4da8-bdd4-09026414df27.jpg,fist,fist,0.9159,1.200,3230.215,0.007,3231.423,1
fb4cdee1-8411-4d79-a581-bb590621e880.jpg,one,one,0.9835,1.200,3230.208,0.007,3231.416,1
80f49743-ce27-43f8-b124-015d86c000d2.jpg,one,one,1.0000,1.200,3230.214,0.007,3231.422,1
20c268ad-2777-42c3-a2a0-edaabd6708e4.jpg,rock,rock,1.0000,1.200,3230.208,0.007,3231.416,1
13ebb3b6-5c90-4b0b-9cfe-adf7c7937bfc.jpg,rock,rock,1.0000,1.200,3230.205,0.007,3231.413,1
be68914b-5dab-4943-aa75-41e1adbbaeff.jpg,one,one,1.0000,1.200,3230.212,0.007,3231.420,1
ff8a6c64-54bf-4de2-a019-dae64c130340.jpg,others,others,0.9957,1.200,3230.208,0.007,3231.416,1
21342180-af5c-4134-b144-c097226b8b8b.jpg,one,one,0.9996,1.200,3230.208,0.007,3231.416,1
f25f5a8e-273f-4e04-ad4d-901983530cae.jpg,pinkie,pinkie,1.0000,1.200,3230.215,0.007,3231.422,1
af1e9379-a087-4814-ba24-3c6843872981.jpg,rock,others,0.7081,1.200,3230.210,0.007,3231.417,0
f2c55498-c100-4a6d-a669-32740ac6e174.jpg,one,one,1.0000,1.200,3230.214,0.007,3231.421,1
a5da1c1c-e3a5-4f34-959f-30e47d316769.jpg,fist,fist,1.0000,1.200,3230.209,0.007,3231.416,1
3f4cf868-933c-4654-9d4f-03fb340566e4.jpg,fist,fist,1.0000,1.200,3230.211,0.007,3231.418,1
ec66996b-a702-4305-aaeb-926d98c70be4.jpg,fist,fist,1.0000,1.200,3230.212,0.007,3231.419,1
14599795-07f2-457d-a4a2-91ece83cebb8.jpg,rock,rock,1.0000,1.200,3230.205,0.007,3231.413,1
1fff45d8-1893-40f0-883b-458d234b7178.jpg,fist,fist,1.0000,1.200,3230.208,0.007,3231.416,1
3c770847-ba63-4077-bfce-98db4d37e50f.jpg,pinkie,pinkie,1.0000,1.200,3230.213,0.007,3231.420,1
ceab08f6-a6b7-46d1-989e-193772ae3df4.jpg,pinkie,pinkie,0.9955,1.200,3230.208,0.007,3231.416,1
93424170-c845-42cc-b266-e6a06f564f6f.jpg,fist,fist,1.0000,1.200,3230.215,0.007,3231.423,1
53093f30-646b-423d-9274-9644d0da0d9e.jpg,fist,fist,1.0000,1.200,3230.215,0.007,3231.423,1
b8127bbb-d638-4a41-96bc-0c0f155a64a7.jpg,pinkie,pinkie,1.0000,1.200,3230.215,0.007,3231.423,1
fe223e0a-37cb-45a7-a99c-a65a56b5fa85.jpg,pinkie,pinkie,1.0000,1.200,3230.203,0.007,3231.411,1
e194ba0a-d024-49a7-8c89-40a598f7ba99.jpg,others,others,0.9977,1.200,3230.213,0.007,3231.420,1
fbffec5f-05bc-44d0-aca3-cd6146b9daab.jpg,one,one,1.0000,1.200,3230.207,0.007,3231.415,1
6b57e961-4ea3-4a33-b503-8e2ca200c887.jpg,pinkie,pinkie,1.0000,1.200,3230.207,0.007,3231.414,1
ae3d2738-0a02-48a6-bca6-1bd10918cb17.jpg,palm,palm,1.0000,1.200,3230.208,0.007,3231.415,1
86b54b69-ceae-4d4c-8fb1-2317225efce6.jpg,rock,rock,1.0000,1.200,3230.210,0.007,3231.417,1
c8dbf138-c4a7-424e-8fd4-40c528000340.jpg,rock,rock,1.0000,1.200,3230.208,0.007,3231.416,1
8064ab53-bc63-4c0c-9237-906731c440c7.jpg,palm,palm,1.0000,1.200,3230.209,0.007,3231.416,1
c7ece029-bfbc-44aa-933f-afe254e9e013.jpg,pinkie,pinkie,0.9988,1.200,3230.208,0.007,3231.415,1
33f08920-1051-4b49-a213-865f49c52851.jpg,palm,palm,1.0000,1.200,3230.210,0.007,3231.418,1
3141b536-843f-46f6-9afc-3ec828532616.jpg,one,one,1.0000,1.200,3230.212,0.007,3231.420,1
e0263122-91f8-4f7c-944e-9926007d51dc.jpg,one,one,0.9964,1.200,3230.213,0.007,3231.420,1
f31764e9-2f6e-4665-ac2b-1aa4a7f2710f.jpg,rock,rock,1.0000,1.200,3230.214,0.007,3231.422,1
3345d407-3e5e-4ff4-afe5-c3577f4d440f.jpg,one,one,1.0000,1.200,3230.205,0.007,3231.413,1
042b2307-0f14-41a8-b1bd-05ce7c48b1bf.jpg,rock,rock,1.0000,1.200,3230.214,0.007,3231.422,1
ac723ef1-a3a1-47fa-80f4-05ad8cfed839.jpg,palm,palm,0.9999,1.200,3230.212,0.007,3231.419,1
0a9d1ad3-3142-472e-9088-7cddc11e8815.jpg,palm,palm,1.0000,1.200,3230.208,0.007,3231.415,1
dba27dc8-dc23-4a04-bcc5-5cd6d73e5f3c.jpg,fist,fist,1.0000,1.200,3230.214,0.007,3231.422,1
ff6af190-ca2b-4ca8-8ac4-f488c8e09fd2.jpg,fist,fist,1.0000,1.200,3230.208,0.007,3231.415,1
212f2603-3379-4aeb-b00a-f3677f5782b5.jpg,palm,palm,1.0000,1.200,3230.208,0.007,3231.415,1
d1b0bf56-17e9-4e71-b5ca-85f9e04782a9.jpg,rock,rock,1.0000,1.200,3230.214,0.007,3231.422,1
0670b408-8429-4014-a559-e64bc238852f.jpg,palm,palm,1.0000,1.200,3230.210,0.007,3231.418,1
965809ab-b1c8-433c-9a3f-0b0c75523647.jpg,others,others,0.9167,1.200,3230.212,0.007,3231.420,1
8b1781e8-4994-473a-9e1c-b0b8401bf92f.jpg,palm,palm,1.0000,1.200,3230.213,0.007,3231.421,1
9a889c52-2788-4875-81ca-518394ad79f4.jpg,others,others,1.0000,1.200,3230.212,0.007,3231.420,1
2bd5ae3a-effb-456d-b07f-d056f30f5abf.jpg,pinkie,pinkie,1.0000,1.200,3230.212,0.007,3231.419,1
2aa9d26c-7888-4c7b-ac57-85ef6b2d9fcb.jpg,palm,palm,1.0000,1.200,3230.209,0.007,3231.417,1
314c0308-5520-4e2f-9dd4-a09a58e58833.jpg,one,one,1.0000,1.200,3230.211,0.007,3231.419,1
8458cccd-5ec3-40a0-a7a6-e9ca774ffcca.jpg,rock,rock,1.0000,1.200,3230.210,0.007,3231.417,1
34e6ffe7-1ec9-4d3f-92aa-2ee005ac8ba3.jpg,rock,rock,1.0000,1.200,3230.209,0.007,3231.416,1
6c6bcbee-f182-4fd7-807e-f9ffb7895d72.jpg,fist,fist,1.0000,1.200,3230.207,0.007,3231.414,1
67ebf646-ebda-4790-b745-beb5250cb034.jpg,one,one,0.7073,1.200,3230.207,0.007,3231.415,1
ef0059c1-b842-4320-aa15-d9e8583b178a.jpg,rock,rock,1.0000,1.200,3230.215,0.007,3231.422,1
1b4035f4-9e47-46d7-bdc5-2ebaaa45a338.jpg,one,one,1.0000,1.200,3230.213,0.007,3231.420,1
69eaae58-6e1a-4c95-b2d6-2ce04fcb08a9.jpg,palm,palm,1.0000,1.200,3230.210,0.007,3231.418,1
09c82f68-268b-4e90-8dba-de3f742f3d34.jpg,fist,fist,0.9999,1.200,3230.212,0.007,3231.420,1
0531d540-91c8-4343-a459-79aaeb20fa06.jpg,others,others,0.9971,1.200,3230.210,0.007,3231.417,1
3edcfaaf-0482-4238-91ae-c4753472fbfc.jpg,one,one,1.0000,1.200,3230.212,0.007,3231.420,1
f259ecd3-303a-408f-9f84-8b1264b4059e.jpg,one,one,1.0000,1.200,3230.213,0.007,3231.421,1
8566b8ff-262c-4501-8a30-c6709f0bf4b3.jpg,one,one,1.0000,1.200,3230.213,0.007,3231.420,1
41440bc4-f4c8-47e3-b6c3-71f8bc99d2c2.jpg,rock,rock,1.0000,1.200,3230.209,0.007,3231.416,1
bc15f687-6864-4f7b-8e42-8d6352c05cc7.jpg,others,others,0.9999,1.200,3230.212,0.007,3231.420,1
167581e8-bc11-4c43-912e-e957f64a2912.jpg,one,one,0.9997,1.200,3230.210,0.007,3231.418,1
d5dcb866-f3c5-423b-933c-33395f97a2d7.jpg,others,others,0.8717,1.200,3230.211,0.007,3231.419,1
17318197-2ba6-45eb-9ebe-d5e1f0cdf448.jpg,pinkie,pinkie,1.0000,1.200,3230.212,0.007,3231.420,1
092b6e52-4022-4f44-b392-39d43b602b69.jpg,rock,rock,1.0000,1.200,3230.206,0.007,3231.414,1
68b0f4ae-2cc2-4665-892c-acec18f7bf7d.jpg,palm,palm,1.0000,1.200,3230.205,0.007,3231.413,1
dd01f68c-68dc-4793-a5fb-7b0573dfe452.jpg,palm,palm,1.0000,1.200,3230.213,0.007,3231.421,1
a19380d6-7ed4-4ea1-b779-70756145f13d.jpg,fist,fist,1.0000,1.200,3230.207,0.007,3231.414,1
521a74ef-5d9b-46c7-8c4a-3e8d3ea32bec.jpg,pinkie,pinkie,1.0000,1.200,3230.215,0.007,3231.423,1
9aa4bf96-0c1c-4ea9-be08-66e421573991.jpg,pinkie,pinkie,1.0000,1.200,3230.214,0.007,3231.422,1
60212fe7-9133-4cb8-936d-1df0d9c08646.jpg,pinkie,pinkie,0.9974,1.200,3230.209,0.007,3231.416,1
c4238020-3be6-4ae2-884d-ce49a40faedb.jpg,pinkie,pinkie,1.0000,1.200,3230.206,0.007,3231.414,1
7ee92b7b-d912-47aa-9060-f208a6f6b887.jpg,one,one,0.9999,1.200,3230.207,0.007,3231.415,1
62854e38-3e60-47ea-9d03-0edbcd757af3.jpg,others,others,1.0000,1.200,3230.205,0.007,3231.413,1
a82a8eb6-4ecb-4015-afd4-b7a82e00815d.jpg,fist,fist,1.0000,1.200,3230.208,0.007,3231.415,1
363c9adb-7ec8-447f-bf02-b3f53d5cda17.jpg,palm,palm,1.0000,1.200,3230.207,0.007,3231.415,1
8f24530a-54dd-4b9a-b6e8-32433bd59221.jpg,fist,fist,1.0000,1.200,3230.207,0.007,3231.414,1
750c39a3-7947-4500-81ac-ec258e4cdc1f.jpg,fist,fist,1.0000,1.200,3230.214,0.007,3231.421,1
8129216d-cf50-4f67-8a18-e26864d4c2ee.jpg,fist,fist,1.0000,1.200,3230.207,0.007,3231.415,1
91c8b7ab-0603-43b6-b85b-74c55a5e96fa.jpg,palm,palm,1.0000,1.200,3230.207,0.007,3231.415,1
1527c4cb-c1bc-409f-b6c1-5aac40c3affd.jpg,palm,palm,1.0000,1.200,3230.207,0.007,3231.415,1
db76209c-d3ee-459c-b413-dff919080ded.jpg,pinkie,pinkie,1.0000,1.200,3230.208,0.007,3231.415,1
9a833110-07d2-4055-8efb-5776c7b124a1.jpg,fist,fist,1.0000,1.200,3230.213,0.007,3231.420,1
e35ce5dc-9a00-4413-bfb4-11f1d067f437.jpg,pinkie,pinkie,1.0000,1.200,3230.207,0.007,3231.415,1
e3cc0c87-4b4f-4f64-b708-b83c212f314d.jpg,others,others,1.0000,1.200,3230.215,0.007,3231.423,1
e295cfed-f194-4d84-b8fd-d4a7a55d60b9.jpg,others,others,1.0000,1.200,3230.215,0.007,3231.422,1
cecc1108-9900-432b-9ff9-141c5f89c910.jpg,palm,palm,1.0000,1.200,3230.212,0.007,3231.420,1
367450d5-a979-4fa9-880c-7e539c3d9d3e.jpg,rock,rock,1.0000,1.200,3230.213,0.007,3231.421,1
7f85dc1d-6400-4dc8-a339-ce564735f2ac.jpg,rock,rock,1.0000,1.200,3230.206,0.007,3231.414,1
360b068a-7a0a-47b0-9d74-13eedf58ea6a.jpg,rock,rock,1.0000,1.200,3230.208,0.007,3231.416,1
98335c68-c8ac-4f9b-9c30-0c1b3ed4cb0d.jpg,one,one,1.0000,1.200,3230.213,0.007,3231.421,1
6fbaf16e-a977-4815-8958-73d5a066d400.jpg,pinkie,pinkie,1.0000,1.200,3230.206,0.007,3231.414,1
b0d6625e-7955-4dfc-ae05-2bf158510f69.jpg,palm,palm,1.0000,1.200,3230.208,0.007,3231.416,1
f4684cae-3515-49a6-810c-68e8f993f178.jpg,pinkie,pinkie,1.0000,1.200,3230.209,0.007,3231.417,1
45d0cfb0-d457-4585-a600-c4f3dbc0903e.jpg,rock,rock,1.0000,1.200,3230.207,0.007,3231.415,1
9600e777-4794-4b88-bf5c-b273fddfa548.jpg,rock,rock,1.0000,1.200,3230.208,0.007,3231.416,1
a8d5918d-d48a-4d10-8e19-2bc18f8048b1.jpg,one,one,1.0000,1.200,3230.210,0.007,3231.417,1
9c507ccc-0876-4b26-9f90-b96adebc3fc2.jpg,rock,rock,1.0000,1.200,3230.207,0.007,3231.415,1
7ec20756-6ebb-41a4-8cce-71fc5b6b70c5.jpg,others,others,0.9999,1.200,3230.215,0.007,3231.422,1
d90d8292-4151-4a4b-aed6-f5b85d5c10be.jpg,palm,palm,1.0000,1.200,3230.206,0.007,3231.413,1
e17c777e-ce96-4467-ad8a-007d1962092d.jpg,pinkie,pinkie,1.0000,1.200,3230.206,0.007,3231.414,1
51443666-8e1b-4dd3-b10b-d8e3496218c1.jpg,others,others,0.9680,1.200,3230.204,0.007,3231.412,1
c38ad3b0-6876-483f-b1c8-e7f6970cf06e.jpg,others,others,0.9999,1.200,3230.212,0.007,3231.420,1
e4892355-a70e-4d96-bb0e-61d7c17904f7.jpg,others,others,0.9999,1.200,3230.207,0.007,3231.415,1
f98b21fc-b216-43ac-a461-3096bfe85df1.jpg,one,one,0.5951,1.200,3230.214,0.007,3231.421,1
eee4a07b-10fc-42bb-9dba-b67a54222d37.jpg,palm,palm,1.0000,1.200,3230.215,0.007,3231.423,1
ff9481d8-8d35-42ed-b0e7-5e7172d1730a.jpg,palm,palm,1.0000,1.200,3230.211,0.007,3231.418,1
36cd5bcd-04a8-45b7-a2d6-a312a2064945.jpg,fist,fist,1.0000,1.200,3230.214,0.007,3231.422,1
6f8f6b4d-0feb-4836-a446-b8701f1017f3.jpg,one,one,1.0000,1.200,3230.207,0.007,3231.415,1
594980b7-d43f-47cf-a4bf-dac76ba20526.jpg,others,others,0.9998,1.200,3230.214,0.007,3231.422,1
7c411dd7-2c4a-46f8-b3d1-283d32f67ed7.jpg,palm,palm,1.0000,1.200,3230.208,0.007,3231.416,1
508e35f3-a8b0-4511-b4a3-d688b3421182.jpg,palm,palm,1.0000,1.200,3230.208,0.007,3231.416,1
bae3c3fe-cc27-404f-a8be-56cc3064b451.jpg,fist,one,0.6813,1.200,3230.214,0.007,3231.421,0
69e53c1d-f902-4219-a445-a8267faad6ee.jpg,others,others,0.9933,1.200,3230.206,0.007,3231.414,1
27f5e7ac-aaf6-4dab-b437-379d3b08bbdb.jpg,rock,rock,1.0000,1.200,3230.211,0.007,3231.419,1
ce43fd87-26f2-4436-b072-49be8fc68155.jpg,rock,rock,1.0000,1.200,3230.208,0.007,3231.415,1
5f029401-eb7f-454a-9059-2cd7f772e714.jpg,pinkie,pinkie,1.0000,1.200,3230.210,0.007,3231.418,1
25b0c221-c503-46a7-a141-e6091e9301de.jpg,one,one,1.0000,1.200,3230.209,0.007,3231.416,1
f9df97f5-cb1f-46b7-a187-ae929ae27acc.jpg,one,one,1.0000,1.200,3230.208,0.007,3231.416,1
98ed0bc6-7a60-468a-af07-836a83cb3d92.jpg,rock,rock,1.0000,1.200,3230.215,0.007,3231.422,1
2fa144dc-8b23-4d63-81a8-1e55ea78c647.jpg,others,others,0.9997,1.200,3230.208,0.007,3231.416,1
d3f0779f-d981-4181-b515-430fee875ad1.jpg,pinkie,pinkie,0.9989,1.200,3230.211,0.007,3231.419,1
a83096cd-986a-4a9a-bfb3-4d9e4d140a49.jpg,others,others,0.9966,1.200,3230.212,0.007,3231.419,1
34e7bcf5-3d7e-41e2-86cd-66281225e165.jpg,palm,palm,1.0000,1.200,3230.208,0.007,3231.416,1
9123763e-47a0-42ee-b297-7f4c3db64330.jpg,rock,rock,0.9984,1.200,3230.208,0.007,3231.415,1
52586065-2bcf-410d-b10a-7aba3cf382e1.jpg,pinkie,pinkie,1.0000,1.200,3230.206,0.007,3231.414,1
0696edb1-9ee0-41e5-8a65-4164978b07f7.jpg,palm,palm,1.0000,1.200,3230.213,0.007,3231.421,1
d1e7629a-cbb2-46fb-96ba-1a3a5949f5b0.jpg,pinkie,pinkie,1.0000,1.200,3230.207,0.007,3231.415,1
66f9c061-83dc-4fef-9b07-cb4c1ad8bd57.jpg,rock,rock,1.0000,1.200,3230.209,0.007,3231.416,1
8c6c8da6-2dbb-4a50-8dc9-6f0f764e9d74.jpg,others,others,0.9999,1.200,3230.207,0.007,3231.415,1
d001d93b-54dd-4116-ac89-11b93414f0a8.jpg,others,others,0.8042,1.200,3230.204,0.007,3231.412,1
91730d9a-da74-498a-a8b0-076639c397cd.jpg,pinkie,pinkie,1.0000,1.200,3230.207,0.007,3231.415,1
fe272b06-62b4-4f14-8a61-9a81e640c5cb.jpg,rock,rock,1.0000,1.200,3230.214,0.007,3231.421,1
cfdd0439-9bce-438a-8386-b14d4b7e19a8.jpg,pinkie,pinkie,0.9996,1.200,3230.207,0.007,3231.415,1
007cd8cf-5234-4646-b5e1-82ae1c04a9a4.jpg,fist,fist,1.0000,1.200,3230.212,0.007,3231.420,1
508c25a9-3ccc-4531-bb16-8b1087c8e628.jpg,fist,fist,1.0000,1.200,3230.215,0.007,3231.423,1
516abe4f-9a84-420b-9817-fcd7f647a814.jpg,others,others,1.0000,1.200,3230.211,0.007,3231.419,1
1abee65b-9c4a-4322-9ebe-6c8460b9e6bb.jpg,one,one,1.0000,1.200,3230.205,0.007,3231.413,1
3a0e448f-473c-4dbd-a1d6-e53288351974.jpg,fist,fist,0.9964,1.200,3230.215,0.007,3231.423,1
651bf482-961d-454c-80fa-9d4ed30048f2.jpg,fist,fist,1.0000,1.200,3230.213,0.007,3231.420,1
8853b1d2-4205-4246-a249-8647cb86e1a5.jpg,one,one,1.0000,1.200,3230.209,0.007,3231.416,1
72d310a6-5298-4ded-90ce-0e483afd73bd.jpg,rock,rock,1.0000,1.200,3230.216,0.007,3231.423,1
a5e76cb2-bcc0-4a0a-9325-62351b701ef1.jpg,rock,rock,1.0000,1.200,3230.213,0.007,3231.421,1
bfc58c39-91b3-4106-9b76-7c2496e9c229.jpg,rock,rock,0.9837,1.200,3230.206,0.007,3231.414,1
c37b8f68-a3d9-4b83-b517-c401221e3f1f.jpg,rock,rock,0.9999,1.200,3230.213,0.007,3231.421,1
f5a36347-1fbc-4c86-8b9a-1962c09cc8e6.jpg,palm,palm,1.0000,1.200,3230.206,0.007,3231.414,1
126fb179-82f5-47de-84ab-118add1b2055.jpg,one,one,0.9995,1.200,3230.211,0.007,3231.419,1
b63929b8-8545-403f-80d5-fa2ee4b9f22e.jpg,fist,fist,1.0000,1.200,3230.208,0.007,3231.416,1
93ec8ff9-4953-4a3a-aebf-ac77cbd02a2b.jpg,one,one,1.0000,1.200,3230.208,0.007,3231.416,1
2c1b752b-44fe-4642-8df8-c6f07cc54d9f.jpg,palm,palm,1.0000,1.200,3230.212,0.007,3231.420,1
c95a7b55-3fdb-4ae3-af58-25e0047fe4cd.jpg,fist,fist,1.0000,1.200,3230.206,0.007,3231.414,1
6ec1ef6a-2860-48af-a850-975cd0b55f20.jpg,pinkie,pinkie,1.0000,1.200,3230.208,0.007,3231.415,1
fa0e3563-2120-4970-b20e-a41ff3d7a8a1.jpg,palm,palm,1.0000,1.200,3230.210,0.007,3231.418,1
1f8e107d-1626-4ebd-b2bb-4414327f2eef.jpg,palm,palm,1.0000,1.200,3230.213,0.007,3231.421,1
0b87d061-dc5d-418c-96a1-95975d438ea0.jpg,one,rock,0.5184,1.200,3230.211,0.007,3231.419,0
560ff093-8bfd-4c32-8863-42170cdf90bb.jpg,one,one,1.0000,1.200,3230.213,0.007,3231.420,1
adc1b1b7-db53-4f6a-b2f0-a315755d1a1b.jpg,one,one,1.0000,1.200,3230.207,0.007,3231.415,1
b1a754da-610c-460b-9dad-90951905dcb5.jpg,others,others,1.0000,1.200,3230.205,0.007,3231.413,1
7b9114de-2250-4842-b2b7-a4fd8146c62a.jpg,one,pinkie,0.4868,1.200,3230.209,0.007,3231.416,0
7fda887c-407c-4e34-9e77-0875ae670dfe.jpg,rock,rock,1.0000,1.200,3230.206,0.007,3231.414,1
27851409-693f-4370-95b6-0697aea27c41.jpg,palm,palm,1.0000,1.200,3230.215,0.007,3231.422,1
879abc5d-9388-4b0b-b934-9588163a5be3.jpg,one,one,0.9998,1.200,3230.206,0.007,3231.414,1
5c0b5e16-4c63-4f92-8dd8-76485a938175.jpg,palm,palm,1.0000,1.200,3230.206,0.007,3231.414,1
b0db680f-b7e1-43fa-98af-997f4dcdc638.jpg,others,others,1.0000,1.200,3230.215,0.007,3231.422,1
fc986e78-5731-4a56-b200-78280a1ea103.jpg,rock,rock,0.9945,1.200,3230.206,0.007,3231.413,1
5c582807-93d7-46a2-b19c-dcfdef1314d6.jpg,palm,palm,1.0000,1.200,3230.212,0.007,3231.420,1
4b25308c-b2df-4c81-b566-680df5f2a3c9.jpg,one,one,0.9993,1.200,3230.208,0.007,3231.416,1
b4e365b2-4bd2-41d4-9249-36565f9ea90f.jpg,palm,palm,0.9999,1.200,3230.211,0.007,3231.419,1
75c54d7e-0d14-4d74-ae7e-266d3b4873bf.jpg,fist,fist,1.0000,1.200,3230.206,0.007,3231.414,1
2afa923f-d9fa-412d-834e-9ac392cc5153.jpg,others,others,1.0000,1.200,3230.211,0.007,3231.419,1
a76b9bb8-b3f7-4d60-83d5-38969477ccfd.jpg,rock,rock,1.0000,1.200,3230.208,0.007,3231.416,1
363a7a2f-0326-417d-91a2-96443738b212.jpg,pinkie,pinkie,0.9820,1.200,3230.213,0.007,3231.421,1
afca4000-0241-4257-89f3-683aa9026c61.jpg,palm,palm,1.0000,1.200,3230.215,0.007,3231.423,1
751d6822-2ad9-48c9-ae92-c126012cb2ae.jpg,others,others,0.9990,1.200,3230.211,0.007,3231.418,1
b31c62fc-d510-4bd0-bf3d-319c450f5a0e.jpg,one,one,0.9999,1.200,3230.208,0.007,3231.416,1
0b5ca07f-b29c-4f64-87e3-2c9f14d4d751.jpg,rock,rock,1.0000,1.200,3230.207,0.007,3231.415,1
b41fe1c8-26d7-482e-9d89-11c9756be06d.jpg,one,one,1.0000,1.200,3230.206,0.007,3231.414,1
25895167-4b62-4248-b8fc-fa20b5a664d6.jpg,one,one,1.0000,1.200,3230.210,0.007,3231.417,1
a614766b-4e5c-4fa6-a201-9892d5a21ae1.jpg,palm,palm,1.0000,1.200,3230.213,0.007,3231.421,1
3895a327-551c-4d6a-af26-d8d49e947ab6.jpg,fist,fist,1.0000,1.200,3230.207,0.007,3231.415,1
60ebadba-3463-4c82-a2ce-e1ee21277774.jpg,palm,palm,1.0000,1.200,3230.206,0.007,3231.414,1
c0268fdc-084a-4abf-86e7-f61acbb1e44a.jpg,pinkie,pinkie,1.0000,1.200,3230.207,0.007,3231.414,1
46fbdca4-36bb-4ca1-9b46-e8f316b86254.jpg,fist,fist,1.0000,1.200,3230.207,0.007,3231.415,1
c40cba97-3514-449b-9dff-c8cf9488e067.jpg,one,one,1.0000,1.200,3230.213,0.007,3231.421,1
a6172951-3e8d-4a20-b4f8-d35996d12944.jpg,one,one,0.9988,1.200,3230.216,0.007,3231.423,1
81bed2c9-af94-4baa-ae2c-967df318bddf.jpg,one,one,0.9943,1.200,3230.210,0.007,3231.417,1
b6bca1ea-cea9-4ad1-805b-d46cd1c2e0f0.jpg,pinkie,pinkie,1.0000,1.200,3230.205,0.007,3231.413,1
83c5a9e8-27c0-4c10-9131-7fa6b14b68c0.jpg,rock,rock,1.0000,1.200,3230.206,0.007,3231.414,1
58f7d40b-9212-4acc-b614-11d238ec8ae7.jpg,rock,rock,1.0000,1.200,3230.208,0.007,3231.416,1
f9adc716-a9bd-4b8f-a8c5-ae6792cb0ac6.jpg,fist,fist,1.0000,1.200,3230.212,0.007,3231.420,1
b5aea35c-0fa9-4b81-9118-73de2b8ca56a.jpg,fist,fist,1.0000,1.200,3230.206,0.007,3231.414,1
8bbdd431-618b-4de1-9591-8e81bcbe8baa.jpg,pinkie,pinkie,1.0000,1.200,3230.212,0.007,3231.420,1
0c653f64-af60-4420-ae6b-a59de72019ea.jpg,rock,rock,1.0000,1.200,3230.212,0.007,3231.420,1
726d688d-f69b-4d02-ab8c-42eff1b0185a.jpg,rock,rock,0.7951,1.200,3230.205,0.007,3231.413,1
a6016238-1106-4ff9-9b14-781d5b277805.jpg,pinkie,pinkie,1.0000,1.200,3230.208,0.007,3231.416,1
3bd0c5ee-1af7-4e62-b1d9-f005e677ec38.jpg,palm,palm,1.0000,1.200,3230.212,0.007,3231.420,1
93424170-c845-42cc-b266-e6a06f564f6f.jpg,fist,fist,1.0000,1.200,3230.213,0.007,3231.421,1
412c032e-6372-47db-b761-da27019fddad.jpg,fist,fist,1.0000,1.200,3230.215,0.007,3231.423,1
14669786-ae9c-4f83-a169-7092a61a59ee.jpg,rock,rock,1.0000,1.200,3230.206,0.007,3231.414,1
cf9eaac0-76cc-42cb-9f04-746b0be9b5e4.jpg,pinkie,pinkie,0.9994,1.200,3230.207,0.007,3231.415,1
a9296b7a-fbf9-4101-b636-89447f686c06.jpg,pinkie,others,0.7846,1.200,3230.206,0.007,3231.414,0
1371defd-12ad-415b-bfe2-f06622129cf9.jpg,fist,fist,1.0000,1.200,3230.206,0.007,3231.414,1
1af63fab-20c7-437b-86da-a6c3acbb625d.jpg,palm,palm,0.9122,1.200,3230.211,0.007,3231.419,1
db077533-a333-4d61-b393-66674f8c0412.jpg,palm,palm,1.0000,1.200,3230.208,0.007,3231.416,1
28cb2e04-13e4-4c27-ab72-7a8eece71c71.jpg,one,one,1.0000,1.200,3230.207,0.007,3231.415,1
d95da8bc-f07b-4f9f-a815-7b447a95b2ac.jpg,fist,fist,1.0000,1.200,3230.212,0.007,3231.419,1
30abc5da-09e6-4006-9591-3a0aa5a43559.jpg,one,one,1.0000,1.200,3230.206,0.007,3231.414,1
e450a12c-1028-4a12-ba38-0b9602672244.jpg,palm,palm,1.0000,1.200,3230.215,0.007,3231.422,1
ef577fb6-be0e-4a84-9b02-b73a7d769292.jpg,palm,palm,1.0000,1.200,3230.209,0.007,3231.416,1
1543c702-502a-440c-b9b0-f54ba3d095f5.jpg,one,one,1.0000,1.200,3230.209,0.007,3231.416,1
b9746253-c56e-4661-938d-8e3949c66f28.jpg,rock,rock,1.0000,1.200,3230.213,0.007,3231.421,1
2892413b-3f65-4460-8062-617fe7355046.jpg,one,one,1.0000,1.200,3230.207,0.007,3231.415,1
66f9c061-83dc-4fef-9b07-cb4c1ad8bd57.jpg,rock,rock,1.0000,1.200,3230.207,0.007,3231.414,1
5502b88b-ca3a-4284-96d6-69b5504d76a4.jpg,palm,palm,1.0000,1.200,3230.208,0.007,3231.416,1
3d682476-283f-47c8-bd08-56e37957c071.jpg,pinkie,pinkie,1.0000,1.200,3230.213,0.007,3231.420,1
c8761b31-2a10-491f-a6d1-bf5db73c72ac.jpg,others,others,0.9913,1.200,3230.208,0.007,3231.416,1
a711098d-c446-4f64-ad7a-83fb092158d6.jpg,palm,palm,1.0000,1.200,3230.209,0.007,3231.416,1
c976a81d-03bf-4897-a866-1c442e70e393.jpg,others,others,0.9999,1.200,3230.211,0.007,3231.418,1
61113cce-e35a-4119-9b8c-fe3cd97cf728.jpg,rock,rock,1.0000,1.200,3230.212,0.007,3231.420,1
85dcba9e-3dfb-4233-8d90-0d9c626c3054.jpg,pinkie,pinkie,1.0000,1.200,3230.212,0.007,3231.420,1
0a0b2cba-a557-4cf4-8168-25ee95e74b51.jpg,rock,rock,1.0000,1.200,3230.213,0.007,3231.420,1
a62f07bf-3b7b-4e9f-9d67-97de13ea25b6.jpg,rock,rock,0.9956,1.200,3230.207,0.007,3231.415,1
995edd3d-3132-4bd1-aff7-536e3a66c6cc.jpg,pinkie,pinkie,1.0000,1.200,3230.214,0.007,3231.422,1
c712d46f-d8ba-4c79-9aae-2541dc6d100a.jpg,others,others,1.0000,1.200,3230.205,0.007,3231.413,1
1dc61a70-6caf-414a-a586-e4d290a6ad82.jpg,one,one,0.9999,1.200,3230.212,0.007,3231.419,1
a7dfa2b1-17dd-47ec-abfc-00b3d9b7b471.jpg,fist,fist,1.0000,1.200,3230.207,0.007,3231.414,1
49b80dcb-1650-4008-a664-f90e868d7593.jpg,rock,rock,1.0000,1.200,3230.215,0.007,3231.422,1
3421b5e5-745f-4081-8cc0-2d8af90fe353.jpg,fist,fist,1.0000,1.200,3230.212,0.007,3231.420,1
826033f1-e3c9-4eb1-ad21-bf6c8dcdc918.jpg,others,others,0.9970,1.200,3230.212,0.007,3231.420,1
3ee6308a-e9e0-409d-b59f-7c41e4100ad4.jpg,fist,fist,1.0000,1.200,3230.215,0.007,3231.422,1
c262912f-639a-49b9-afad-74b79a178fee.jpg,one,one,0.9035,1.200,3230.212,0.007,3231.420,1
e6fe792a-ee6c-4948-a3d0-d6fb3a467781.jpg,palm,palm,1.0000,1.200,3230.214,0.007,3231.422,1
e9752743-f25b-4ee1-8d46-a85555ba0188.jpg,fist,fist,1.0000,1.200,3230.209,0.007,3231.417,1
35decfa9-fb96-442e-b620-46d7f6295ffe.jpg,others,others,0.9977,1.200,3230.207,0.007,3231.415,1
8606ac3a-7b39-490d-bb3a-a86db6900d32.jpg,one,one,1.0000,1.200,3230.207,0.007,3231.415,1
98ce828f-a220-410b-a320-5ae32b248391.jpg,rock,rock,1.0000,1.200,3230.213,0.007,3231.421,1
d9cc7939-4323-4985-9a7f-e336642ecb3a.jpg,fist,fist,1.0000,1.200,3230.211,0.007,3231.418,1
583c8da3-669c-4caf-9b4e-70094e5a9213.jpg,palm,palm,1.0000,1.200,3230.214,0.007,3231.422,1
e14ff179-1730-4d41-85f6-f11e8c84950f.jpg,others,others,0.9998,1.200,3230.214,0.007,3231.422,1
a07782cf-ea46-48e5-8fe4-1b1106904afb.jpg,palm,palm,1.0000,1.200,3230.204,0.007,3231.412,1
ad01813d-a27a-4c06-960e-d6166aeba702.jpg,rock,rock,1.0000,1.200,3230.215,0.007,3231.422,1
b75d2d72-5c8d-4741-b790-2f03fa0c956c.jpg,palm,palm,1.0000,1.200,3230.214,0.007,3231.422,1
6428379d-65a4-458a-8cd5-f505265fd16f.jpg,others,others,1.0000,1.200,3230.211,0.007,3231.419,1
01b4a109-016e-46c9-96b7-dab154ae1d48.jpg,palm,palm,1.0000,1.200,3230.210,0.007,3231.417,1
7d7cec39-7076-4adb-a708-bcc053cad978.jpg,fist,fist,1.0000,1.200,3230.214,0.007,3231.421,1
def9a905-129d-49b4-8c00-6c89394defb8.jpg,one,one,0.9973,1.200,3230.212,0.007,3231.419,1
299b0987-ab7c-44e9-b3d7-31481da90c43.jpg,rock,rock,1.0000,1.200,3230.210,0.007,3231.418,1
184219ba-02f7-4619-bf60-b17ccda2aea9.jpg,rock,rock,1.0000,1.200,3230.214,0.007,3231.422,1
a402f853-eb29-4e4a-8c27-3d0fbae01d4a.jpg,rock,rock,1.0000,1.200,3230.206,0.007,3231.414,1
3f3dd445-f0bf-4613-976e-065ee535670a.jpg,one,one,1.0000,1.200,3230.215,0.007,3231.422,1
d216bb9b-3240-459e-a2bf-e5cb9dabac59.jpg,rock,rock,1.0000,1.200,3230.206,0.007,3231.413,1
2e00072b-a3d6-48fb-a7de-384c4f1d4a27.jpg,fist,fist,1.0000,1.200,3230.209,0.007,3231.417,1
4d62f21b-9c67-4bfe-a1aa-f7e6690a8feb.jpg,pinkie,pinkie,1.0000,1.200,3230.214,0.007,3231.422,1
4aa97019-07dc-40c3-82e4-0662987c0a7a.jpg,rock,rock,1.0000,1.200,3230.208,0.007,3231.416,1
4b188117-9533-45a9-abb2-8bbb2ad13b86.jpg,fist,fist,1.0000,1.200,3230.209,0.007,3231.417,1
20b6ab26-052e-4175-8981-9beb37e9d91b.jpg,fist,fist,1.0000,1.200,3230.213,0.007,3231.421,1
a9ba480d-b9a2-42f5-8272-008eef36e3a0.jpg,others,others,0.9933,1.200,3230.215,0.007,3231.422,1
cd544bde-4588-4a5f-af4f-7c58f1adc704.jpg,rock,rock,1.0000,1.200,3230.215,0.007,3231.422,1
f5fd1d47-323d-4d15-9043-724bcbb63ada.jpg,one,one,0.9988,1.200,3230.212,0.007,3231.420,1
c0ebb84e-d942-4005-864a-d70dc6948208.jpg,one,one,1.0000,1.200,3230.216,0.007,3231.423,1
3fb34505-9f1d-4552-8e12-7d1fd1680221.jpg,rock,rock,1.0000,1.200,3230.207,0.007,3231.415,1
1f99905c-0c8d-46b4-96b3-26de9abf822f.jpg,others,others,0.9997,1.200,3230.210,0.007,3231.418,1
d2435550-fafb-4f0b-aa11-a9b3f992baa2.jpg,others,others,0.9918,1.200,3230.211,0.007,3231.419,1
4464a21d-2904-4597-b480-85142c989ff7.jpg,others,others,1.0000,1.200,3230.208,0.007,3231.415,1
695d7ea9-b501-4c63-a3f4-32823cb06d58.jpg,palm,palm,1.0000,1.200,3230.212,0.007,3231.419,1
f6b6b46e-1507-44c4-b422-c258e62a0cc5.jpg,palm,palm,1.0000,1.200,3230.213,0.007,3231.421,1
7902ee94-570b-4d23-94d4-a84ba60e5587.jpg,fist,fist,1.0000,1.200,3230.208,0.007,3231.415,1
60212fe7-9133-4cb8-936d-1df0d9c08646.jpg,pinkie,pinkie,0.9974,1.200,3230.206,0.007,3231.414,1
e0c90db4-6fab-4f74-a734-2d7ff6e3e9be.jpg,others,others,0.9784,1.200,3230.210,0.007,3231.418,1
41d99aef-39e3-48b0-bbe8-b8df3b3be4fc.jpg,rock,rock,0.9995,1.200,3230.213,0.007,3231.421,1
3b64bdb9-567c-4b40-83ce-cfd2085fd45f.jpg,palm,palm,1.0000,1.200,3230.207,0.007,3231.414,1
916b6ab0-de98-40eb-8fd1-28cabc4fb29f.jpg,palm,palm,1.0000,1.200,3230.211,0.007,3231.419,1
61d2cb6b-cd56-4c44-b13e-8db180d2477b.jpg,pinkie,pinkie,0.9999,1.200,3230.210,0.007,3231.418,1
7bb2a8ef-cf75-43ff-8a93-98e10f13dd94.jpg,others,others,0.5119,1.200,3230.211,0.007,3231.419,1
793a3d0a-c093-47aa-9877-d58c470f818c.jpg,palm,palm,1.0000,1.200,3230.205,0.007,3231.413,1
c7ef71f4-52d9-4419-a693-4ca9f9286b1d.jpg,fist,fist,1.0000,1.200,3230.208,0.007,3231.416,1
4f20e95b-13b1-438c-ace2-d5a89b8c3b7e.jpg,rock,rock,1.0000,1.200,3230.208,0.007,3231.415,1
7a0c60ce-7e23-4da2-8a13-81afa8b4b723.jpg,rock,rock,1.0000,1.200,3230.212,0.007,3231.419,1
f1b9b628-4ff9-4704-8462-84e1013e8f6f.jpg,fist,fist,1.0000,1.200,3230.208,0.007,3231.416,1
f85cbc31-96f9-4a9c-a39a-728f95a58071.jpg,pinkie,pinkie,1.0000,1.200,3230.208,0.007,3231.415,1
d3268710-a0b9-4234-8634-d19b2ac1b313.jpg,one,one,1.0000,1.200,3230.208,0.007,3231.416,1
1d5184e0-977b-4269-8eb6-b14b76726bba.jpg,fist,fist,1.0000,1.200,3230.208,0.007,3231.416,1
f96311c1-d3d3-4853-ab97-4b74cbce1f12.jpg,pinkie,pinkie,0.9967,1.200,3230.208,0.007,3231.416,1
57ce0a22-1ef7-4eb0-9c95-dbbbe04ee749.jpg,one,one,1.0000,1.200,3230.207,0.007,3231.415,1
c19ba715-ff43-4010-94ed-c91b3167bee9.jpg,palm,palm,1.0000,1.200,3230.207,0.007,3231.415,1
1a8d1186-0e59-410c-91ec-115b840f7147.jpg,palm,palm,1.0000,1.200,3230.207,0.007,3231.415,1
6ecbbdc7-460c-46bb-88c5-e3b930ffb68c.jpg,palm,palm,1.0000,1.200,3230.213,0.008,3231.421,1
5fd5a7c0-cfef-4013-ab75-bf183ec63003.jpg,others,others,1.0000,1.200,3230.214,0.007,3231.421,1
c6ee4230-91ad-4c96-9bd9-55fdaa63cc82.jpg,fist,fist,1.0000,1.200,3230.211,0.007,3231.419,1
1b971acb-5011-4e92-9490-ec77f8fd2ce2.jpg,others,others,1.0000,1.200,3230.212,0.008,3231.420,1
48f6f700-f582-47a5-bab3-d2fea3c8602e.jpg,palm,palm,1.0000,1.200,3230.208,0.007,3231.416,1
55e568d2-939b-4d22-b8fd-3dfa06ec099f.jpg,one,one,0.9995,1.200,3230.213,0.007,3231.421,1
e43c1620-61e8-4adc-a11a-bc39fdaafab1.jpg,palm,palm,1.0000,1.200,3230.208,0.007,3231.416,1
74682f75-7735-4772-9055-fb8debf6f6b9.jpg,others,others,0.9863,1.200,3230.213,0.007,3231.421,1
7dd96421-91e7-4ad2-a2ea-76f8c2511066.jpg,pinkie,pinkie,0.8213,1.200,3230.208,0.007,3231.415,1
80fcad87-34b5-4e71-a68c-3246ec35a683.jpg,one,one,1.0000,1.200,3230.213,0.007,3231.420,1
e1efbddf-636d-424e-9eb1-175b53032d29.jpg,one,one,1.0000,1.200,3230.207,0.007,3231.415,1
18e858be-44bb-4df9-b2e5-2fcf04a6522d.jpg,palm,palm,1.0000,1.200,3230.210,0.007,3231.418,1
5187c1da-3277-44a4-94f9-688e8e0bc13b.jpg,pinkie,pinkie,1.0000,1.200,3230.206,0.007,3231.414,1
73df83ac-f73d-48ec-b387-df8a37b4c506.jpg,palm,palm,1.0000,1.200,3230.206,0.007,3231.414,1
3a92e649-95de-470a-8243-b718fdf09f7d.jpg,palm,palm,1.0000,1.200,3230.212,0.007,3231.420,1
97a37c7c-69d2-4ea8-8623-cd9373cfb8f6.jpg,pinkie,pinkie,1.0000,1.200,3230.212,0.007,3231.420,1
3516bae8-2cb6-448f-bd9f-f6e5eaec8536.jpg,pinkie,pinkie,0.9145,1.200,3230.214,0.007,3231.421,1
47ea688a-86e2-4163-a8c5-067f3c15e628.jpg,others,others,0.9991,1.200,3230.214,0.007,3231.421,1
0e6d0243-471d-4ef7-aead-d90f211c7b33.jpg,others,others,0.9973,1.200,3230.213,0.007,3231.420,1
486aa912-01b7-4c44-b370-b9be50cfa199.jpg,others,others,1.0000,1.200,3230.206,0.007,3231.414,1
5863612b-54d4-45e7-8907-03c9dd27db7d.jpg,palm,palm,1.0000,1.200,3230.208,0.007,3231.416,1
ff578afa-c4aa-4bd9-bb5a-857dee95ac3c.jpg,others,others,0.9999,1.200,3230.208,0.007,3231.416,1
c6e0646c-b688-4bb8-b4c5-870b86fdb806.jpg,pinkie,pinkie,1.0000,1.200,3230.214,0.007,3231.421,1
a603e5bd-4a64-4af2-a6c1-143bcde1b1ec.jpg,rock,rock,1.0000,1.200,3230.208,0.007,3231.415,1
c87442d7-3924-4efe-820d-6ac9b1acbac8.jpg,fist,fist,1.0000,1.200,3230.205,0.007,3231.413,1
75711cb6-4642-4918-a17a-d14bec526db9.jpg,rock,rock,1.0000,1.200,3230.213,0.007,3231.420,1
d5a33a7e-ae93-4405-8762-1afb060056c1.jpg,fist,fist,1.0000,1.200,3230.207,0.007,3231.415,1
7f780267-d0c6-42ed-825b-5b7dc9f3ff8c.jpg,palm,palm,1.0000,1.200,3230.209,0.007,3231.417,1
ce77de83-af14-4133-b05e-ac68b2037188.jpg,pinkie,others,0.9413,1.200,3230.207,0.007,3231.415,0
b8c5238b-d2ee-4014-9bad-3d26342edd3c.jpg,others,others,0.9991,1.200,3230.209,0.007,3231.417,1
2c2eb293-12b1-4bde-930b-9cc3242f680f.jpg,one,one,0.9998,1.200,3230.206,0.007,3231.414,1
d14bf45b-29fe-4033-8b8a-2291fe2c0693.jpg,others,others,1.0000,1.200,3230.206,0.007,3231.413,1
35179c2b-953b-454e-9c0e-459271195256.jpg,others,others,1.0000,1.200,3230.205,0.007,3231.413,1
86a84e6b-f3c2-4bc4-a590-fe20c53a7385.jpg,pinkie,pinkie,1.0000,1.200,3230.210,0.007,3231.417,1
e8688c7f-18ac-4be3-9d29-bd7cfe28ac77.jpg,fist,fist,1.0000,1.200,3230.213,0.007,3231.420,1
83065424-b0f4-4315-bf2a-daff24d0255d.jpg,fist,one,0.6576,1.200,3230.208,0.007,3231.416,0
bbba6778-4912-49a6-972d-a8fce042242d.jpg,rock,rock,1.0000,1.200,3230.213,0.007,3231.420,1
4b76355f-fc73-46f8-b620-eec35b1224d7.jpg,rock,rock,1.0000,1.200,3230.210,0.007,3231.417,1
60558ac1-b060-42d9-96c6-7c4d315d9364.jpg,others,one,0.9526,1.200,3230.215,0.007,3231.422,0
da7f4bd1-ddc9-42bf-9f16-17e70f0a9003.jpg,rock,rock,1.0000,1.200,3230.206,0.007,3231.414,1
f9d1cacb-6881-4e95-8683-39835f857eef.jpg,others,others,0.9967,1.200,3230.212,0.007,3231.420,1
19193425-fa03-4b57-a567-44fa7a7691b0.jpg,others,others,1.0000,1.200,3230.209,0.007,3231.416,1
3229b4f1-89e3-41d1-ba66-e3b4198b9a14.jpg,rock,one,0.6381,1.200,3230.215,0.007,3231.422,0
9f777973-9030-4af2-9590-0b8f261270ea.jpg,others,others,0.9998,1.200,3230.214,0.007,3231.422,1
4cb80841-1412-4b67-9c9e-78e5cb159bab.jpg,pinkie,pinkie,1.0000,1.200,3230.213,0.007,3231.421,1
77dc53a4-6aae-45a7-b68e-3048decf82d7.jpg,palm,palm,1.0000,1.200,3230.214,0.007,3231.422,1
14485b6d-9303-41ec-8bbb-1ff65ecfb8eb.jpg,rock,rock,1.0000,1.200,3230.209,0.007,3231.416,1
c7e34cba-bed4-46e5-8cd0-b69b1323cc93.jpg,fist,fist,1.0000,1.200,3230.211,0.007,3231.418,1
6e6d048a-f148-4f30-9303-01e9f2f09e28.jpg,pinkie,pinkie,0.9999,1.200,3230.214,0.007,3231.422,1
38f708d8-d228-4270-9233-96986f18b96b.jpg,others,one,0.9454,1.200,3230.214,0.007,3231.422,0
43cc76df-b240-481f-ad0d-ee36fc8bb081.jpg,pinkie,pinkie,0.9977,1.200,3230.211,0.007,3231.418,1
e44aec2c-b246-4e00-af28-c41582828948.jpg,others,others,0.5509,1.200,3230.215,0.007,3231.422,1
1b61b6e4-b7dd-40c8-9e89-1870a756ef2d.jpg,fist,fist,1.0000,1.200,3230.215,0.007,3231.423,1
515936da-b209-43d5-bc08-7f7481294120.jpg,others,pinkie,0.7802,1.200,3230.211,0.007,3231.419,0
747858d2-8ff8-4245-8831-c8e891c6e72e.jpg,fist,fist,1.0000,1.200,3230.211,0.007,3231.418,1
d580de49-bc58-4a95-b8d3-02f714aa8922.jpg,others,others,1.0000,1.200,3230.213,0.007,3231.420,1
f831017d-8022-47dc-b0b8-68d4f763ebe1.jpg,rock,rock,0.9998,1.200,3230.209,0.007,3231.416,1
b80ee6ad-3361-459b-aa55-1668f7e5aa19.jpg,rock,rock,1.0000,1.200,3230.213,0.007,3231.421,1
a6c30a09-d8b9-4409-af23-2937176184ea.jpg,rock,rock,1.0000,1.200,3230.206,0.007,3231.414,1
8ccd0e03-db27-47cb-98c6-7cfcf21dd015.jpg,others,others,1.0000,1.200,3230.207,0.007,3231.415,1
9eb68b08-1c82-4a28-945f-8736d5932157.jpg,fist,fist,1.0000,1.200,3230.213,0.007,3231.421,1
c70d5fc0-6a89-4bef-bfe4-ab23b7621bc0.jpg,palm,palm,1.0000,1.200,3230.210,0.007,3231.418,1
0869c04b-d715-4090-b988-9eb4f238a98b.jpg,pinkie,pinkie,1.0000,1.200,3230.213,0.007,3231.420,1
abf02a75-5473-490a-a517-37d12dc7aaa9.jpg,others,others,0.9984,1.200,3230.216,0.007,3231.423,1
f31194af-51fb-45ae-b1d9-099cd70d112f.jpg,palm,palm,1.0000,1.200,3230.211,0.007,3231.419,1
77198d35-1ca5-4273-9abd-8cb529c0e9ef.jpg,others,others,0.9996,1.200,3230.211,0.007,3231.418,1
43f3a3cf-7efe-4c4a-acd7-cae4e89618fe.jpg,one,one,0.9999,1.200,3230.208,0.007,3231.415,1
268216b2-81b3-4e42-87fd-cbe90ee9c0ad.jpg,rock,rock,0.9995,1.200,3230.206,0.007,3231.414,1
5ed8d906-0afd-4099-b7d2-e0143280caae.jpg,rock,rock,1.0000,1.200,3230.208,0.007,3231.415,1
1a496b2d-7695-46b8-8ac4-fccbf5bef40e.jpg,others,others,0.9251,1.200,3230.208,0.007,3231.416,1
bd968770-0eca-4ae4-bda2-90c4f740ad05.jpg,one,one,1.0000,1.200,3230.208,0.007,3231.416,1
978a3796-ddf5-4188-8fa4-a647ef6164c9.jpg,pinkie,pinkie,1.0000,1.200,3230.214,0.007,3231.421,1
c7d132ef-65de-4561-a651-3379577f2c8f.jpg,pinkie,pinkie,1.0000,1.200,3230.210,0.007,3231.417,1
4fa38c18-b9ad-47b5-982c-b064202f5c37.jpg,others,others,0.9984,1.200,3230.215,0.007,3231.423,1
a05e28e6-83a0-4ef9-bdf5-536b01b09c2f.jpg,others,others,1.0000,1.200,3230.208,0.007,3231.416,1
17916bf8-ce2e-47cd-92df-91d27f3c9848.jpg,others,others,0.9863,1.200,3230.212,0.007,3231.420,1
2fe755ae-b45f-43d5-b6e4-c95db936a7ef.jpg,rock,rock,1.0000,1.200,3230.209,0.007,3231.417,1
23720e60-0dec-4dab-abf2-3dc7bdca8053.jpg,rock,rock,1.0000,1.200,3230.213,0.007,3231.420,1
6bee7d74-5821-4588-a755-70209811b60b.jpg,palm,palm,1.0000,1.200,3230.208,0.007,3231.415,1
985a1a96-c29f-4628-99d8-2107878aaee3.jpg,fist,fist,1.0000,1.200,3230.212,0.007,3231.420,1
e3cfc224-b7a6-4fa8-86d5-c76ce9461f95.jpg,rock,rock,0.9703,1.200,3230.206,0.007,3231.413,1
8e53ab5c-e7a7-438d-990c-c1dafc665bcc.jpg,pinkie,pinkie,1.0000,1.200,3230.214,0.007,3231.421,1
4c417442-1a64-4129-9abe-efb3e9b689f3.jpg,pinkie,pinkie,1.0000,1.200,3230.207,0.007,3231.415,1
1258a1e5-9190-47da-966b-5cc35b9db4b5.jpg,rock,rock,1.0000,1.200,3230.212,0.007,3231.419,1
f9a32bcc-128f-449e-8f13-4d6ca18e7103.jpg,others,others,1.0000,1.200,3230.209,0.007,3231.417,1
063b23ba-b50b-4fbb-b35f-8e1a2a8e18c6.jpg,palm,palm,1.0000,1.200,3230.215,0.007,3231.422,1
a1e330ac-1ee7-4c0c-a0ef-97464792a365.jpg,others,others,0.9999,1.200,3230.214,0.007,3231.421,1
026ff1b7-0389-4c85-ab53-0b8ab5963467.jpg,rock,rock,1.0000,1.200,3230.205,0.007,3231.412,1
ec384f71-9225-4508-9b8e-9458524cc924.jpg,pinkie,pinkie,0.9907,1.200,3230.214,0.007,3231.421,1
7995e0f0-3a64-40f5-b619-3a1952466919.jpg,fist,fist,1.0000,1.200,3230.208,0.007,3231.416,1
dd86c33c-da44-4eaa-b9e0-416d25c68452.jpg,one,one,0.9998,1.200,3230.213,0.007,3231.421,1
fc737ee3-e197-4419-a249-eccf11a03b63.jpg,pinkie,pinkie,1.0000,1.200,3230.207,0.007,3231.414,1
1b7c5824-a19a-426f-9277-7fc81b5d08a7.jpg,fist,fist,1.0000,1.200,3230.205,0.007,3231.413,1
e54172ac-27a9-4e95-8cf5-808a38bfa697.jpg,others,others,0.9945,1.200,3230.209,0.007,3231.417,1
d931df83-7628-4d93-ac84-78b305812a93.jpg,one,one,1.0000,1.200,3230.214,0.007,3231.422,1
d24b952d-8e25-4dcf-9cfd-a41cef7243af.jpg,pinkie,pinkie,0.9172,1.200,3230.206,0.007,3231.414,1
2e4af41a-04a7-426e-bfa0-cbfc7ae8a1c2.jpg,palm,palm,1.0000,1.200,3230.214,0.007,3231.422,1
9dbd3ff0-363b-49dc-8719-a1a59ebd16c3.jpg,palm,palm,1.0000,1.200,3230.211,0.007,3231.418,1
455b8f41-019b-4188-b455-ceab70cb6faa.jpg,others,others,0.9742,1.200,3230.206,0.007,3231.414,1
5f325d9d-3a92-4796-a3ca-d34ab309cba0.jpg,rock,rock,0.9979,1.200,3230.212,0.007,3231.419,1
0e3f1bf8-891d-40c6-a602-37de968306af.jpg,rock,rock,1.0000,1.200,3230.208,0.007,3231.416,1
7bcae21e-0bbd-4d81-adc7-b6f8d508adf2.jpg,one,one,0.9990,1.200,3230.206,0.007,3231.414,1
3d771657-cdca-4f79-a308-a0bb64e6b70f.jpg,rock,rock,1.0000,1.200,3230.208,0.007,3231.416,1
587ad94c-33a1-4358-9577-1e5399e4ab10.jpg,palm,palm,1.0000,1.200,3230.215,0.007,3231.423,1
6c8518e2-63d7-41c5-85a3-d0d0f200a127.jpg,palm,palm,0.9998,1.200,3230.212,0.007,3231.420,1
037a435e-251a-4fb3-b16f-128540e8ea51.jpg,one,one,1.0000,1.200,3230.214,0.007,3231.422,1
d5cf426e-f966-4ae9-b06f-3b706e19678c.jpg,pinkie,pinkie,1.0000,1.200,3230.208,0.007,3231.416,1
ab11d3ba-eb3e-4a3d-bff3-4659e59fdf5f.jpg,pinkie,pinkie,0.9998,1.200,3230.209,0.007,3231.417,1
fc400581-1281-4376-9755-0dd010a04dbf.jpg,fist,fist,1.0000,1.200,3230.213,0.007,3231.420,1
93b025a9-46cd-4630-a01f-3e257177ca67.jpg,others,others,1.0000,1.200,3230.213,0.007,3231.420,1
a5702b15-23a2-45b4-8161-a816398f7376.jpg,pinkie,pinkie,1.0000,1.200,3230.208,0.007,3231.416,1
ee029f29-b50c-4a0f-8138-52ee9b396af8.jpg,pinkie,pinkie,0.9974,1.200,3230.213,0.007,3231.420,1
16e7577c-f84f-4295-bcee-d1613e6cb5ec.jpg,one,one,1.0000,1.200,3230.212,0.007,3231.419,1
fc4ca5f1-f339-4138-90f8-58b1de4aefd3.jpg,one,one,1.0000,1.200,3230.208,0.007,3231.416,1
ad399370-b211-4114-9081-a5ee416d743d.jpg,palm,palm,1.0000,1.200,3230.212,0.007,3231.420,1
8366e7d1-a9ab-4bcb-91ed-60a43eef2e29.jpg,pinkie,pinkie,0.9978,1.200,3230.215,0.007,3231.423,1
bbc399a3-ac66-4b1c-97bb-cc7e31032181.jpg,others,others,0.9824,1.200,3230.209,0.007,3231.417,1
e466bf78-3f97-4035-b6d6-5f99de1dd87e.jpg,one,one,1.0000,1.200,3230.214,0.007,3231.421,1
88a358a0-dbec-46ae-8b64-81153700c916.jpg,rock,rock,1.0000,1.200,3230.210,0.007,3231.418,1
f48f3b55-bcf7-41f9-b0a9-4e57edadfba2.jpg,rock,rock,0.9999,1.200,3230.212,0.007,3231.420,1
f0adbbce-6b0c-492a-822b-1b60673d36aa.jpg,palm,palm,1.0000,1.200,3230.208,0.007,3231.416,1
15acd808-89ed-4e16-b02e-6233082d0ab1.jpg,fist,fist,1.0000,1.200,3230.205,0.007,3231.413,1
a83af0c7-9189-4396-a7db-b095fc474cca.jpg,pinkie,pinkie,1.0000,1.200,3230.206,0.007,3231.413,1
7b8475d4-4db6-4c75-b615-eeac0df50d8f.jpg,palm,palm,1.0000,1.200,3230.209,0.007,3231.417,1
801c881d-6ecf-458f-95ff-a891db8e39a6.jpg,one,one,1.0000,1.200,3230.213,0.007,3231.420,1
cc4677e7-1dfa-4435-8714-db18e6951fe1.jpg,others,others,1.0000,1.200,3230.206,0.007,3231.414,1
8275e47d-66ba-4917-92e0-1ba8e9df6f1e.jpg,one,one,0.9996,1.200,3230.211,0.007,3231.419,1
50fe9853-fd1b-4524-a1b7-f56fe9961f00.jpg,fist,fist,1.0000,1.200,3230.210,0.007,3231.418,1
98713cbb-7977-48bd-a981-39ce2841ce34.jpg,fist,fist,1.0000,1.200,3230.208,0.007,3231.415,1
00086aac-e142-4c40-a7fe-5ad5e60f580b.jpg,fist,fist,1.0000,1.200,3230.209,0.007,3231.417,1
f7c2001c-ae72-451a-99fc-27800bb8e276.jpg,fist,fist,1.0000,1.200,3230.205,0.007,3231.413,1
9d6d95b5-88d9-425e-86f3-72006428119a.jpg,fist,fist,1.0000,1.200,3230.212,0.007,3231.420,1
724e4dba-dfd5-472e-ac3a-983586a65150.jpg,rock,rock,1.0000,1.200,3230.213,0.007,3231.421,1
16c44982-cb3a-41eb-8450-1871ad2661ab.jpg,pinkie,pinkie,1.0000,1.200,3230.212,0.007,3231.419,1
2e1b05cb-4d36-4c4a-912e-1a4cb452bfc0.jpg,pinkie,pinkie,1.0000,1.200,3230.210,0.007,3231.417,1
39708462-561e-4ddc-ae8f-5594637c8be4.jpg,palm,palm,1.0000,1.200,3230.215,0.007,3231.422,1
7cdc3e3e-41b1-469b-9d8c-1cad5b7c9f08.jpg,fist,fist,1.0000,1.200,3230.215,0.007,3231.423,1
29dd681c-7c1f-4acc-8584-9aa9292c3879.jpg,pinkie,pinkie,1.0000,1.200,3230.207,0.007,3231.415,1
dcb5f220-cd7c-424e-8039-66c78a8e33e6.jpg,fist,fist,0.9992,1.200,3230.214,0.007,3231.422,1
d025b03c-84b9-48b5-b83f-d0e241e57099.jpg,pinkie,pinkie,1.0000,1.200,3230.207,0.007,3231.415,1
d9cc7939-4323-4985-9a7f-e336642ecb3a.jpg,fist,fist,1.0000,1.200,3230.207,0.007,3231.414,1
6c5dfa51-1f6f-401e-8c34-0cad17fe19ea.jpg,others,others,0.9992,1.200,3230.213,0.008,3231.421,1
21f13ce8-d2ab-4360-b1f3-f4085ca5b625.jpg,palm,palm,1.0000,1.200,3230.212,0.007,3231.420,1
03f737d9-6a5d-423c-9118-79c0f088afdd.jpg,fist,fist,1.0000,1.200,3230.212,0.007,3231.419,1
6690117c-ed8d-4bdd-b74f-f919cd6005ad.jpg,others,others,0.9999,1.200,3230.212,0.007,3231.420,1
b52e8bfd-a5ef-4a3f-a54d-d9088395d555.jpg,rock,rock,1.0000,1.200,3230.207,0.007,3231.415,1
449730cb-8316-435e-9ee6-ae3ddb9e5633.jpg,one,one,1.0000,1.200,3230.206,0.007,3231.414,1
2e314251-8ac2-4e71-93fd-c519dd78f092.jpg,pinkie,pinkie,0.9962,1.200,3230.206,0.007,3231.414,1
65f6777d-4248-412b-be9c-9c2bae07e12a.jpg,fist,fist,1.0000,1.200,3230.212,0.007,3231.419,1
6ebc7185-bdcd-411c-bf7f-acf1a2508647.jpg,pinkie,pinkie,1.0000,1.200,3230.215,0.007,3231.422,1
85fe656c-c2c1-48df-b791-1283b0df3fa5.jpg,pinkie,pinkie,1.0000,1.200,3230.214,0.007,3231.422,1
72579bfe-a708-47bc-ae22-b7d6f6e3d187.jpg,pinkie,pinkie,1.0000,1.200,3230.213,0.007,3231.421,1
1e9096b0-5fee-4550-a44f-9417e8b32140.jpg,fist,fist,1.0000,1.200,3230.206,0.007,3231.414,1
449705bf-433b-4f79-ae70-cd0d101455b4.jpg,rock,rock,1.0000,1.200,3230.208,0.007,3231.415,1
3712ebba-3041-4995-9aba-35df1f9e2f84.jpg,one,one,0.9989,1.200,3230.214,0.007,3231.421,1
20ee915e-a266-4dd2-afe7-db913daed3e3.jpg,palm,palm,1.0000,1.200,3230.205,0.007,3231.413,1
260a7672-9729-41fa-9792-d4267bb52ed8.jpg,rock,rock,1.0000,1.200,3230.210,0.007,3231.417,1
7f729d07-0512-41c7-a8c8-576d08a8c259.jpg,pinkie,pinkie,0.9953,1.200,3230.215,0.007,3231.422,1
14929d52-76f8-49da-962b-3795080ae0f0.jpg,fist,fist,1.0000,1.200,3230.207,0.007,3231.414,1
12a41a47-6d8a-4557-99f9-91d01661e8c7.jpg,pinkie,pinkie,0.9992,1.200,3230.208,0.007,3231.416,1
2740295a-e79a-49fd-838f-357edb527939.jpg,fist,fist,1.0000,1.200,3230.212,0.007,3231.420,1
f4038193-d91d-4a40-b949-eed85527f7fc.jpg,fist,fist,1.0000,1.200,3230.207,0.007,3231.415,1
2d70d810-6bb8-4945-a196-8100d18e1e08.jpg,others,others,1.0000,1.200,3230.209,0.007,3231.417,1
e593a8cd-3c92-4354-82cf-fc9c7a8b241f.jpg,rock,rock,1.0000,1.200,3230.205,0.007,3231.413,1
f5ce98c5-fb54-4cc3-9bfd-3da4f486932f.jpg,fist,fist,1.0000,1.200,3230.214,0.007,3231.422,1
e9749550-eac2-4a92-87b7-6222f70b96af.jpg,one,one,1.0000,1.200,3230.205,0.007,3231.412,1
15235fb8-1a2e-4d58-86dd-bb83832d4906.jpg,rock,rock,1.0000,1.200,3230.211,0.007,3231.419,1
20afc631-9556-47e8-a2d3-40d254d39128.jpg,pinkie,pinkie,0.9995,1.200,3230.205,0.007,3231.413,1
a57c43ca-3450-4af1-baa9-192e4f6efcdd.jpg,one,one,1.0000,1.200,3230.212,0.007,3231.420,1
d0c887d4-2979-40ee-8b7b-ffb96ff5cc0d.jpg,others,others,0.9994,1.200,3230.210,0.007,3231.417,1
0b9ddf17-1d7a-4508-8492-606a58c3f606.jpg,palm,palm,1.0000,1.200,3230.214,0.007,3231.422,1
4cecbba3-9946-4ba3-80d1-a3d1cff5c255.jpg,rock,rock,1.0000,1.200,3230.214,0.007,3231.422,1
3a0b48db-7c7d-4c7c-abb9-b3f71b2aca73.jpg,rock,rock,1.0000,1.200,3230.211,0.007,3231.419,1
656a8170-1d11-4e5a-94c4-5de8f9dacb51.jpg,rock,rock,1.0000,1.200,3230.209,0.007,3231.417,1
7bc3ce53-c3f1-4621-a464-902568b7e2fe.jpg,pinkie,pinkie,0.9998,1.200,3230.213,0.007,3231.420,1
e358b1b3-d3a0-4652-a52a-03d74cea5d74.jpg,others,others,0.5114,1.200,3230.214,0.007,3231.421,1
28c9db8d-27f8-419c-868a-9bc24a14e6f0.jpg,one,one,1.0000,1.200,3230.207,0.007,3231.415,1
4e293ab2-fecf-4a6b-b5f9-c48e1ec7e1d7.jpg,one,one,1.0000,1.200,3230.212,0.007,3231.419,1
f556b8bc-5e7c-4749-bb37-6ca51f5e22b6.jpg,fist,fist,1.0000,1.200,3230.210,0.007,3231.417,1
ac4bdee0-1721-452b-879b-e7e39a5e6a86.jpg,pinkie,pinkie,0.9999,1.200,3230.209,0.007,3231.416,1
0bd551b6-83d7-49a4-9e6d-f4dba1c1badc.jpg,one,one,1.0000,1.200,3230.210,0.007,3231.418,1
d708d7d3-e18e-421c-871d-5438aac3d500.jpg,pinkie,others,0.8203,1.200,3230.207,0.007,3231.415,0
a90e76f7-b70a-4cc3-a17f-8de8ac2d1f28.jpg,pinkie,others,0.9516,1.200,3230.213,0.007,3231.420,0
18657035-801a-4c04-b280-70c92376ff5b.jpg,fist,fist,1.0000,1.200,3230.212,0.007,3231.420,1
a43e0fe6-7992-4a38-a9ce-392fd1074ec2.jpg,rock,rock,0.9421,1.200,3230.206,0.007,3231.413,1
675bdd26-240a-4241-ab51-2cb2ef32d1ca.jpg,one,pinkie,0.9910,1.200,3230.212,0.007,3231.420,0
2030393d-eed9-4450-82ba-e33f46a7b982.jpg,one,one,1.0000,1.200,3230.211,0.007,3231.419,1
e2f78650-29a9-4812-9c99-cd2892465790.jpg,others,others,0.9750,1.200,3230.209,0.007,3231.416,1
efaf5fe1-ab75-474e-9956-d68dc0629474.jpg,others,others,1.0000,1.200,3230.206,0.007,3231.413,1
6f2d4098-c72d-4609-8439-5f6663d4e8c7.jpg,others,others,1.0000,1.200,3230.213,0.007,3231.421,1
9f947d5e-9051-4c18-9b0c-d5122f87a2d2.jpg,fist,fist,1.0000,1.200,3230.212,0.007,3231.419,1
eefa63d9-b9db-4c0c-b554-b0daaf9da3fe.jpg,rock,rock,1.0000,1.200,3230.208,0.007,3231.416,1
1239f54d-fcf1-46e8-b176-8e328421507b.jpg,fist,fist,1.0000,1.200,3230.206,0.007,3231.414,1
92c0cb1b-4082-44bc-940a-66555bef7cd5.jpg,palm,palm,1.0000,1.200,3230.210,0.007,3231.418,1
d65c0bf9-19aa-47c4-8804-49a42a779d58.jpg,rock,rock,1.0000,1.200,3230.207,0.007,3231.414,1
bb27f9a7-b96d-4301-81c2-ac2a0f77dba6.jpg,one,one,0.9999,1.200,3230.207,0.007,3231.415,1
f4ebd75a-d48d-4e54-a441-c2b833625c1c.jpg,fist,fist,1.0000,1.200,3230.214,0.007,3231.422,1
526315dc-3257-4a5f-890a-f320907b0028.jpg,fist,fist,1.0000,1.200,3230.205,0.007,3231.413,1
94040654-a146-4acf-93df-5ff45ebdd2e3.jpg,fist,fist,0.9999,1.200,3230.215,0.007,3231.422,1
42b23fc9-81d6-4bb9-8dd7-f99d65e08215.jpg,pinkie,others,0.8836,1.200,3230.212,0.007,3231.420,0
5c695a26-a761-43d8-83b2-74ce7abf4bf6.jpg,palm,palm,1.0000,1.200,3230.207,0.007,3231.415,1
c92a5a58-f756-428d-9c48-71c2785c0b2f.jpg,others,others,0.9971,1.200,3230.209,0.007,3231.417,1
b694b118-ea19-4785-af94-7dc2b85165a4.jpg,fist,fist,1.0000,1.200,3230.209,0.007,3231.417,1
937ee3ce-a081-41ce-bab2-921fed34f725.jpg,rock,rock,1.0000,1.200,3230.206,0.007,3231.414,1
aec5f2f8-af78-464a-ba7e-552ba7f43531.jpg,fist,fist,1.0000,1.200,3230.207,0.007,3231.415,1
85780a7e-9b5d-45de-ab8b-5c5493c37291.jpg,pinkie,pinkie,1.0000,1.200,3230.207,0.007,3231.415,1
8880cb0d-6fa3-4e23-a974-cc3b663b0ce5.jpg,rock,rock,1.0000,1.200,3230.209,0.007,3231.417,1
aa722dab-5d34-4462-a218-e92c6f7c6665.jpg,others,others,0.9939,1.200,3230.205,0.007,3231.413,1
a0398c87-70ad-4bc2-95bc-b3ae504a7d30.jpg,rock,rock,0.9987,1.200,3230.210,0.007,3231.417,1
7562ac1e-5fb0-44e8-b03a-ad6768e8ee31.jpg,palm,palm,1.0000,1.200,3230.212,0.007,3231.420,1
bc182749-6751-4657-825e-ca8144009792.jpg,palm,palm,1.0000,1.200,3230.214,0.007,3231.422,1
417d79d2-d258-48f4-81d8-d7fd703780a4.jpg,palm,palm,1.0000,1.200,3230.214,0.007,3231.422,1
d270a279-4405-44ca-8a88-26cee93bbbd4.jpg,rock,rock,1.0000,1.200,3230.206,0.007,3231.414,1
0e65cae6-b18d-481d-83e3-21293351d794.jpg,one,one,0.9560,1.200,3230.208,0.007,3231.416,1
b254a02b-14f6-4e5e-9f0e-8466be2cec4d.jpg,fist,fist,1.0000,1.200,3230.208,0.007,3231.416,1
b190b4c9-2108-488a-b29a-6a1d29edb167.jpg,others,others,1.0000,1.200,3230.206,0.007,3231.414,1
9bfdee40-899b-46a1-a5c5-500314bf8140.jpg,others,others,0.9229,1.200,3230.215,0.007,3231.422,1
022a965c-e179-4872-8746-a612c43cad41.jpg,palm,palm,1.0000,1.200,3230.212,0.007,3231.420,1
3ef0b89a-131c-4cae-ad66-6c102b9088e3.jpg,pinkie,pinkie,1.0000,1.200,3230.207,0.007,3231.415,1
d4745015-2150-47fc-9ae0-3c6ce0b7b356.jpg,pinkie,pinkie,1.0000,1.200,3230.208,0.007,3231.416,1
b1490487-0305-4dc3-a78b-8abda3a40897.jpg,others,others,1.0000,1.200,3230.212,0.007,3231.420,1
27b59b3c-6506-4dc9-804c-aab80606355a.jpg,fist,fist,1.0000,1.200,3230.210,0.007,3231.418,1
f9e4f95f-08c8-496f-836a-889b64652110.jpg,one,one,1.0000,1.200,3230.212,0.007,3231.420,1
a1601b31-77fb-400e-a3aa-1bace7a65ccf.jpg,rock,rock,1.0000,1.200,3230.207,0.007,3231.414,1
908db13c-e858-4c88-98cd-f02e62f16be6.jpg,fist,fist,0.9981,1.200,3230.207,0.007,3231.414,1
b4a3b8c6-c745-45dd-8d10-9d8e8e9b98db.jpg,fist,fist,1.0000,1.200,3230.206,0.007,3231.414,1
c5405ce6-c73a-4d63-9485-3da4546d6c79.jpg,pinkie,pinkie,1.0000,1.200,3230.208,0.007,3231.416,1
a28d9a0b-28cb-4276-bc21-5fa304e89ad2.jpg,one,one,1.0000,1.200,3230.209,0.007,3231.417,1
4283640d-6caa-4875-a65e-616a9fe6ac3d.jpg,pinkie,pinkie,0.9343,1.200,3230.210,0.007,3231.418,1
dac750c0-2c37-45b9-8042-f97e0bdc27ea.jpg,rock,rock,1.0000,1.200,3230.216,0.007,3231.424,1
d8dd0910-37fe-45d6-bddc-61eb6ecadade.jpg,palm,palm,1.0000,1.200,3230.211,0.007,3231.419,1
7bd37016-4222-4fe8-bff0-46dfc3b27c95.jpg,fist,fist,1.0000,1.200,3230.210,0.007,3231.418,1
e6d6026b-f772-4bd0-9c7b-96e246c39d66.jpg,fist,fist,1.0000,1.200,3230.213,0.007,3231.420,1
b6dc60b7-a1ec-4d9f-a0e6-6c399ea0af0d.jpg,palm,palm,1.0000,1.200,3230.207,0.007,3231.415,1
b04d8758-d110-4273-a72b-3af604438324.jpg,others,one,0.7907,1.200,3230.208,0.007,3231.416,0
c4eb0151-ad2e-450b-8ee5-352884624e3a.jpg,fist,fist,0.9994,1.200,3230.213,0.007,3231.421,1
e616ec3b-65f1-460e-8a70-d5d2f4495300.jpg,others,others,0.9981,1.200,3230.208,0.007,3231.416,1
da1ead3e-e746-4a1b-bbd3-95ded412d71d.jpg,others,others,1.0000,1.200,3230.206,0.007,3231.414,1
3aa91be8-e7e7-4e49-9574-4abe7ed2bdc8.jpg,others,others,1.0000,1.200,3230.210,0.007,3231.418,1
4f84dff4-d689-4809-8043-237c4525d3c0.jpg,palm,palm,1.0000,1.200,3230.207,0.007,3231.415,1
8505d39f-258d-49dc-9d66-918334c78715.jpg,others,others,0.9999,1.200,3230.207,0.007,3231.414,1
76aa5ec4-d5ea-4cf5-b3e0-c797257891d2.jpg,pinkie,pinkie,1.0000,1.200,3230.212,0.007,3231.419,1
6a7a2a49-6523-42be-b24c-54c036b1761b.jpg,rock,rock,0.9980,1.200,3230.213,0.007,3231.420,1
399809d9-31c7-426f-8f6d-07219a0af2ae.jpg,rock,rock,1.0000,1.200,3230.209,0.007,3231.416,1
b21e01f7-9c80-4706-8ea3-73364e7f7df4.jpg,others,others,1.0000,1.200,3230.213,0.007,3231.421,1
222a9894-12fe-4581-b4cf-ad85542d0213.jpg,fist,fist,1.0000,1.200,3230.210,0.007,3231.418,1
cb6dda13-e22d-4dd0-ac02-7044b643d556.jpg,one,one,1.0000,1.200,3230.209,0.007,3231.416,1
262943c1-b879-486e-9bdb-5d26c47fcb1a.jpg,one,one,1.0000,1.200,3230.208,0.007,3231.416,1
37159a4f-221c-4106-9dc7-d2969919ae7b.jpg,palm,palm,1.0000,1.200,3230.212,0.007,3231.420,1
0ce34c6e-b47e-4262-9a30-e3516f65cd53.jpg,one,one,1.0000,1.200,3230.216,0.007,3231.423,1
9cac9655-cdba-452e-a7e1-dbfbea05359e.jpg,rock,rock,1.0000,1.200,3230.207,0.007,3231.415,1
7aa051ea-68d3-42bf-89c0-bc1c94d98208.jpg,others,others,1.0000,1.200,3230.208,0.007,3231.415,1
6b083550-7c80-4103-814e-da37c52fafc0.jpg,palm,palm,1.0000,1.200,3230.207,0.007,3231.415,1
d679f07f-21b2-4e55-8e73-003e0f7cd16a.jpg,pinkie,pinkie,1.0000,1.200,3230.209,0.007,3231.416,1
44d30720-5415-4ee2-b109-9a0cc034466b.jpg,palm,palm,1.0000,1.200,3230.212,0.007,3231.419,1
5dddaf18-3479-45b5-99b0-8cd38d7022e8.jpg,others,others,0.6014,1.200,3230.206,0.007,3231.414,1
8ba1ebbe-8a09-4fd2-9699-2c8201961d9b.jpg,one,one,0.9997,1.200,3230.206,0.007,3231.414,1
da0740a5-b0e0-43c5-b4e6-3ec69cd4c5e4.jpg,fist,fist,1.0000,1.200,3230.206,0.007,3231.414,1
2bb4dad7-84d2-460c-b617-fd96e6292ae7.jpg,one,one,1.0000,1.200,3230.208,0.007,3231.416,1
3ea1a612-f9fc-4063-abb4-71f199327bc8.jpg,one,one,0.9945,1.200,3230.211,0.007,3231.419,1
824660a0-2d98-414a-9a56-8800fc539537.jpg,one,one,1.0000,1.200,3230.207,0.007,3231.414,1
62c06a6a-184c-4756-9d84-98afdd63e893.jpg,pinkie,pinkie,1.0000,1.200,3230.214,0.007,3231.421,1
a5da1c1c-e3a5-4f34-959f-30e47d316769.jpg,fist,fist,1.0000,1.200,3230.212,0.007,3231.419,1
da084da0-4468-4e16-bc47-f9c85dc81fda.jpg,others,others,0.8724,1.200,3230.214,0.007,3231.421,1
7899ab73-1ac8-48ee-8fd3-fb814b7e7512.jpg,pinkie,pinkie,0.9988,1.200,3230.214,0.007,3231.421,1
097f07b1-cff9-42ca-aa4b-4a5c73a22731.jpg,fist,fist,1.0000,1.200,3230.206,0.007,3231.413,1
4f6d43cc-9105-4539-a160-b30bbfc40fdd.jpg,others,others,1.0000,1.200,3230.214,0.007,3231.421,1
d00564e4-2c9d-4e7a-a015-fbf39a537a38.jpg,fist,fist,0.6621,1.200,3230.215,0.007,3231.423,1
e5262153-0b81-4730-9208-e2ba295e312c.jpg,others,others,0.9971,1.200,3230.207,0.007,3231.415,1
4efe38fd-e3cc-4624-9aef-8976723fb8a3.jpg,one,one,1.0000,1.200,3230.205,0.007,3231.413,1
dededa69-49aa-44a5-af4e-4daf1165a287.jpg,pinkie,others,0.7023,1.200,3230.208,0.007,3231.416,0
2fb6c41f-b107-4a7c-a109-b62094b7bfd5.jpg,others,others,0.9998,1.200,3230.214,0.007,3231.422,1
ec48b742-a222-49a8-b611-612ba03c81ef.jpg,others,others,1.0000,1.200,3230.209,0.007,3231.417,1
2d799985-ab83-4070-a0f6-65fd15daa38e.jpg,one,one,1.0000,1.200,3230.209,0.007,3231.416,1
ade99811-632e-437c-b5fa-5891e7fd418e.jpg,pinkie,pinkie,0.7377,1.200,3230.205,0.007,3231.413,1
87296bb5-452f-44b1-833d-1b4e27821d13.jpg,others,others,0.9965,1.200,3230.215,0.007,3231.422,1
4d278924-7ab9-4287-b523-ebeb72d8b34a.jpg,rock,rock,1.0000,1.200,3230.214,0.007,3231.421,1
67757249-da26-4b08-95aa-f9d3ceaf084c.jpg,fist,fist,1.0000,1.200,3230.214,0.007,3231.422,1
5843e5f5-9d43-4766-a2b2-712d773f9fdd.jpg,others,others,0.9998,1.200,3230.209,0.007,3231.416,1
aafe4535-cdbf-4fc9-b4d5-92954c18bc1b.jpg,one,pinkie,0.6413,1.200,3230.206,0.007,3231.414,0
b15d4875-681b-4574-8b17-ea384e54ce94.jpg,pinkie,pinkie,0.9650,1.200,3230.214,0.007,3231.421,1
d126f7d0-96d8-4b20-8f3e-b393d3187390.jpg,rock,rock,1.0000,1.200,3230.211,0.007,3231.419,1
452e6b66-e41b-4524-afb0-903a4a425bf8.jpg,fist,fist,1.0000,1.200,3230.215,0.007,3231.423,1
bacee60c-a850-40bf-a3c4-889cb9617f50.jpg,rock,rock,1.0000,1.200,3230.207,0.007,3231.415,1
4d7d7b89-096f-4b01-aa2f-5f12e308a470.jpg,others,others,1.0000,1.200,3230.213,0.007,3231.420,1
190b59ae-9886-4420-81a4-4fdf0ae6966f.jpg,fist,fist,1.0000,1.200,3230.209,0.007,3231.417,1
cd266c72-bca2-4af4-8a7f-5fd8abef7afb.jpg,rock,rock,1.0000,1.200,3230.214,0.007,3231.422,1
d64d1277-ef0d-471a-836f-9f369b32f451.jpg,others,others,0.9362,1.200,3230.215,0.007,3231.422,1
adf4073c-85aa-4e20-a7cc-3208992c3f5c.jpg,others,others,1.0000,1.200,3230.212,0.007,3231.420,1
61511b0b-6d27-4f7c-b665-2d22151f6109.jpg,one,one,0.9929,1.200,3230.209,0.007,3231.416,1
6cd8b544-3ed5-41c1-bfc3-c34473285d2b.jpg,one,one,1.0000,1.200,3230.208,0.007,3231.416,1
b42a6c48-e025-43bf-b08b-5a7d18b53181.jpg,fist,fist,1.0000,1.200,3230.213,0.007,3231.421,1
8c8b5e36-6dee-478d-b5fe-f9f78ad591d2.jpg,rock,rock,0.9998,1.200,3230.213,0.007,3231.421,1
f196190e-34b8-4c5d-812d-7b2dc2c6fc86.jpg,rock,rock,1.0000,1.200,3230.205,0.007,3231.413,1
3c5b5e68-d07d-4fce-9a20-64bfaa2090ed.jpg,pinkie,pinkie,1.0000,1.200,3230.213,0.007,3231.420,1
4ec44f98-45ca-4475-b260-d900671116c1.jpg,palm,palm,1.0000,1.200,3230.208,0.007,3231.416,1
cd6310d9-98fe-42cf-aef2-19432851f420.jpg,fist,fist,1.0000,1.200,3230.211,0.007,3231.419,1
f0385e87-f7e3-499a-b1bf-49c2b0f08eca.jpg,rock,rock,0.8798,1.200,3230.208,0.007,3231.415,1
a7fe1806-9410-4bb5-9985-37828181aa67.jpg,rock,rock,1.0000,1.200,3230.214,0.007,3231.422,1
e42880c2-eb21-4ba7-931f-7b2219e68d69.jpg,rock,rock,1.0000,1.200,3230.215,0.007,3231.422,1
508f4e49-6d21-4292-90df-0ef062ad0ba9.jpg,pinkie,pinkie,1.0000,1.200,3230.212,0.007,3231.420,1
37dae7fc-c610-4550-9558-3572493e4112.jpg,pinkie,pinkie,1.0000,1.200,3230.208,0.007,3231.416,1
f091ae8f-aa5b-462b-a745-0e2aa3d7dcbc.jpg,others,others,0.9997,1.200,3230.207,0.007,3231.415,1
3d373689-1f16-40de-a1b4-37e715574b2d.jpg,one,one,1.0000,1.200,3230.209,0.007,3231.417,1
e39aa7ef-e83b-4a96-967a-0d9daea8799e.jpg,palm,palm,0.8940,1.200,3230.216,0.007,3231.424,1
4a10699f-c6d1-44a1-a08e-7c9520678eeb.jpg,palm,palm,1.0000,1.200,3230.213,0.007,3231.420,1
35f087f7-cc65-4b1b-85da-2bd8a4b5ccb5.jpg,palm,palm,1.0000,1.200,3230.207,0.007,3231.415,1
bf2ba197-0693-421c-9b71-818e127e9a2a.jpg,rock,rock,1.0000,1.200,3230.206,0.007,3231.414,1
79c16923-7893-464c-9c43-5c38c4c4e110.jpg,pinkie,pinkie,0.9975,1.200,3230.213,0.007,3231.420,1
58269dea-88a7-4242-84db-ba6d92c0c82b.jpg,fist,fist,1.0000,1.200,3230.206,0.007,3231.414,1
65217473-c9d5-4ed9-a365-7e6207696ae2.jpg,rock,rock,0.9977,1.200,3230.207,0.007,3231.414,1
1dfa22c1-e41b-4c1f-8ff0-cc979d0261c2.jpg,fist,fist,1.0000,1.200,3230.213,0.007,3231.420,1
a4c8e395-cb58-4cb0-8357-4ea1e136e484.jpg,rock,rock,1.0000,1.200,3230.213,0.007,3231.420,1
795eaa30-be2c-4b2b-bba7-0d7a312a512d.jpg,palm,palm,0.9995,1.200,3230.210,0.007,3231.417,1
77e7c43b-0cb9-49a1-8bfe-1e458865d384.jpg,pinkie,pinkie,1.0000,1.200,3230.210,0.007,3231.417,1
edc22489-b846-486d-b2af-e016c6c8ae87.jpg,pinkie,pinkie,1.0000,1.200,3230.215,0.007,3231.422,1
3f7f5e1d-6b6f-4be0-8075-cf27deae5482.jpg,pinkie,pinkie,1.0000,1.200,3230.211,0.007,3231.418,1
927c3f34-af7d-4fd0-9849-0b6e74ee2ee1.jpg,one,one,1.0000,1.200,3230.210,0.007,3231.418,1
06a7ba81-26a9-4434-8a1d-c99d077f59c1.jpg,one,one,1.0000,1.200,3230.213,0.007,3231.421,1
3f574ca6-c1dd-499e-a2b4-eb0c2389b960.jpg,pinkie,pinkie,1.0000,1.200,3230.207,0.007,3231.415,1
1c5baf8f-7950-4520-b34e-880f186c7049.jpg,palm,palm,0.9996,1.200,3230.211,0.007,3231.419,1
192c6f66-3b4e-41c4-970c-dd40ac68233c.jpg,rock,rock,1.0000,1.200,3230.215,0.007,3231.423,1
89850c23-5635-4004-b04a-6877ca61278e.jpg,others,others,0.7855,1.200,3230.209,0.007,3231.416,1
b34cf7cd-8d81-41c4-a4fb-4b6b2c27c945.jpg,pinkie,pinkie,0.9992,1.200,3230.212,0.007,3231.419,1
afd2cd10-518c-4c11-8276-b0f2fa20bc23.jpg,pinkie,pinkie,1.0000,1.200,3230.208,0.007,3231.415,1
bcbb66bd-4413-4068-8e7d-00e1d95912da.jpg,others,others,1.0000,1.200,3230.208,0.007,3231.416,1
c06eac6a-acdb-4e16-a70d-15c5347ece14.jpg,others,others,0.9999,1.200,3230.214,0.007,3231.422,1
6021e99d-5197-4f2d-830a-6522403f01ed.jpg,one,one,1.0000,1.200,3230.207,0.007,3231.415,1
7f740557-6eb2-4fb1-88ad-ba543f2d7bec.jpg,fist,fist,1.0000,1.200,3230.212,0.007,3231.419,1
64e237dc-ae15-4535-aa38-61bde4a30f51.jpg,palm,palm,1.0000,1.200,3230.215,0.007,3231.423,1
b6ea631a-38e8-4666-81a5-0352c8faabc2.jpg,others,others,0.9949,1.200,3230.205,0.007,3231.413,1
b4c58e06-7f77-4e8a-8fc6-e6356f591c86.jpg,others,others,1.0000,1.200,3230.209,0.007,3231.416,1
32cf991b-3314-4e22-9377-b636afecb3d8.jpg,others,others,0.9983,1.200,3230.214,0.007,3231.422,1
68e2c71d-1776-413d-801e-2c62b3457345.jpg,one,one,1.0000,1.200,3230.208,0.007,3231.416,1
fb60a40c-8e8e-40b5-a015-c2e31a43a4fc.jpg,pinkie,pinkie,0.9999,1.200,3230.207,0.007,3231.414,1
29e9942e-c4a1-45ed-a01c-ad4fb4435e09.jpg,one,one,0.9997,1.200,3230.210,0.007,3231.417,1
6e37d3d3-e0b8-4aa9-9142-c967fdd2ed99.jpg,palm,palm,1.0000,1.200,3230.213,0.007,3231.421,1
270e3646-6da2-4b77-84cc-186ceb7db5f6.jpg,pinkie,pinkie,1.0000,1.200,3230.213,0.007,3231.421,1
4cc06604-26da-4ae5-bbc2-8787f239f92b.jpg,rock,rock,1.0000,1.200,3230.212,0.007,3231.420,1
95e7922d-20c4-4601-9797-363ada901581.jpg,fist,fist,1.0000,1.200,3230.214,0.007,3231.422,1
79ca8874-3de0-4ce1-be54-71042f25c354.jpg,pinkie,pinkie,1.0000,1.200,3230.207,0.007,3231.414,1
96ba7812-e0f8-49e6-8efb-7bc90451be2e.jpg,others,others,0.9593,1.200,3230.214,0.007,3231.421,1
384293f5-ccb6-45cc-8c20-774cb25b5ecb.jpg,others,others,0.9929,1.200,3230.205,0.007,3231.413,1
58ba195d-e039-4b04-a3b3-704be1c66257.jpg,others,others,0.9878,1.200,3230.206,0.007,3231.413,1
1d7fe0c9-7ef2-4bc9-bf9d-869740383dc1.jpg,pinkie,pinkie,1.0000,1.200,3230.206,0.007,3231.414,1
ff2b27e2-d0de-4195-9411-85168277847a.jpg,one,one,1.0000,1.200,3230.213,0.007,3231.420,1
93537114-8a75-4633-a621-c8881a5e4006.jpg,fist,fist,1.0000,1.200,3230.211,0.007,3231.419,1
dbc6a482-908b-43df-a3ee-80b858709a98.jpg,fist,fist,0.9994,1.200,3230.208,0.007,3231.415,1
d4fb2787-222f-4c29-85ec-60b04b9cfcd1.jpg,one,one,1.0000,1.200,3230.212,0.007,3231.420,1
f9d1cacb-6881-4e95-8683-39835f857eef.jpg,others,others,0.9967,1.200,3230.206,0.007,3231.413,1
83d5a849-ef1d-4d81-9af0-0cd7a58dadec.jpg,one,one,1.0000,1.200,3230.215,0.007,3231.423,1
bf608b5b-5ba1-44bf-a1dd-6e6390438d46.jpg,others,others,0.9434,1.200,3230.208,0.007,3231.416,1
e8d4c43f-a838-4b0b-9e54-5322abad13fb.jpg,rock,rock,0.9998,1.200,3230.206,0.007,3231.414,1
a479814b-f01d-4459-832f-829393a12c3c.jpg,one,one,1.0000,1.200,3230.214,0.007,3231.421,1
6b6b7390-19cf-4e64-a304-8d6ff2b95cdb.jpg,rock,rock,0.9997,1.200,3230.213,0.007,3231.420,1
ce7524d2-b546-44cc-a226-4d52d4bbb23a.jpg,rock,rock,1.0000,1.200,3230.206,0.007,3231.414,1
90efa693-eb63-4a05-b10c-53bb6e2cec39.jpg,pinkie,pinkie,1.0000,1.200,3230.212,0.007,3231.420,1
25b0c221-c503-46a7-a141-e6091e9301de.jpg,one,one,1.0000,1.200,3230.213,0.007,3231.420,1
08c1d5a6-ce66-4cc0-bcd2-2a8517fb1471.jpg,palm,palm,0.9996,1.200,3230.206,0.007,3231.414,1
318d8208-43c7-4f53-a350-2d7a3fc5a6a6.jpg,pinkie,pinkie,1.0000,1.200,3230.210,0.007,3231.418,1
d08601ff-3366-418c-ad50-fd494c3fb5ee.jpg,pinkie,pinkie,0.9559,1.200,3230.214,0.007,3231.421,1
3d16a0ba-4cfd-4e9e-9f40-22ff681267c2.jpg,fist,fist,1.0000,1.200,3230.213,0.007,3231.421,1
827ac92b-4320-474d-9745-a5c33abee233.jpg,fist,fist,1.0000,1.200,3230.207,0.007,3231.414,1
120d7965-6b36-4d8b-9c87-f4c779f8895d.jpg,others,others,0.9671,1.200,3230.215,0.007,3231.422,1
dddfff8a-c4bb-4a83-a732-4eb13c0acf15.jpg,pinkie,pinkie,1.0000,1.200,3230.213,0.007,3231.421,1
ede702c0-ddd4-4315-b0c7-5ae445a9c4fa.jpg,fist,fist,1.0000,1.200,3230.209,0.007,3231.416,1
a78a6487-9eb1-4473-900b-e4e1b0bacc23.jpg,rock,rock,1.0000,1.200,3230.204,0.007,3231.412,1
e858c418-613e-4c23-a1ee-da6f3c898450.jpg,others,others,0.9990,1.200,3230.207,0.007,3231.415,1
013b94ad-4ef4-4f22-859d-69178d19fe74.jpg,one,one,1.0000,1.200,3230.205,0.007,3231.413,1
441ca97e-7bf5-4b15-b01f-25dd79a58b93.jpg,palm,palm,1.0000,1.200,3230.213,0.007,3231.420,1
035c109d-62f2-44d9-ac2b-d7ebde190d44.jpg,fist,fist,1.0000,1.200,3230.211,0.007,3231.418,1
ff432cec-0bc2-4877-9adb-f04fa62038a2.jpg,one,one,1.0000,1.200,3230.208,0.007,3231.416,1
5aaebf00-0c54-42a2-971d-8eb14470f37a.jpg,palm,palm,1.0000,1.200,3230.208,0.007,3231.416,1
30a6e82d-3c9d-4c83-b3d5-c62b5372c427.jpg,others,others,0.9999,1.200,3230.212,0.007,3231.419,1
f3d288c6-a245-4c1a-a968-e533b343a794.jpg,pinkie,pinkie,1.0000,1.200,3230.214,0.007,3231.422,1
82bc27fc-2f96-4115-99be-23380e6bf412.jpg,one,one,1.0000,1.200,3230.213,0.007,3231.420,1
3632a18c-1791-4e47-b707-354c997ce787.jpg,one,one,1.0000,1.200,3230.216,0.007,3231.423,1
15c38962-f14a-415e-af9a-e35b8d61c331.jpg,fist,fist,1.0000,1.200,3230.207,0.007,3231.415,1
46895ac8-1985-435a-8102-9197df76fd8c.jpg,palm,palm,1.0000,1.200,3230.207,0.007,3231.415,1
d508a8dc-1488-4939-aca8-3dd81d271e7e.jpg,palm,palm,1.0000,1.200,3230.208,0.007,3231.416,1
525eeabd-184c-409a-91e6-679498d9718c.jpg,fist,fist,1.0000,1.200,3230.215,0.007,3231.423,1
d88be2e1-4378-4445-af3d-799dcda052a9.jpg,pinkie,pinkie,1.0000,1.200,3230.208,0.007,3231.416,1
44681931-5aa4-481e-9526-6e7f0c0ce753.jpg,palm,palm,1.0000,1.200,3230.211,0.007,3231.419,1
a80bbeb4-39b7-48a2-ae32-67c956a5e514.jpg,others,others,1.0000,1.200,3230.214,0.007,3231.422,1
1a567716-e5ff-4959-a14c-597fdfa937ce.jpg,one,one,0.9998,1.200,3230.210,0.007,3231.418,1
7102ddd4-3ace-4649-9bbc-68c8be1fd7c0.jpg,rock,rock,1.0000,1.200,3230.205,0.007,3231.413,1
14c53dcd-3754-4f79-8c5b-07f34352fa82.jpg,palm,palm,1.0000,1.200,3230.209,0.007,3231.417,1
9b2384c8-dbec-4008-bac6-e64f87dcbfd9.jpg,rock,rock,1.0000,1.200,3230.212,0.007,3231.420,1
0c23592a-972f-44fb-b682-ecab17bf1c25.jpg,pinkie,pinkie,1.0000,1.200,3230.209,0.007,3231.417,1
c9f76d82-30d4-4e73-943e-f938077ae9c9.jpg,pinkie,pinkie,1.0000,1.200,3230.208,0.007,3231.416,1
b3446d3d-4349-483b-b2dc-12cade0e2a4b.jpg,rock,rock,1.0000,1.200,3230.208,0.007,3231.416,1
5bd8883f-8ca4-4af8-9888-674672ffcfab.jpg,pinkie,pinkie,0.9999,1.200,3230.208,0.007,3231.416,1
99f79e93-ec2b-4dcf-8d47-c781d0c67c63.jpg,pinkie,pinkie,1.0000,1.200,3230.215,0.007,3231.422,1
5c4af464-e07a-4943-8041-27afee08ed02.jpg,pinkie,pinkie,1.0000,1.200,3230.208,0.007,3231.416,1
bb69cc35-cfe1-4bf6-9c5d-1fc6a21189f6.jpg,fist,fist,1.0000,1.200,3230.215,0.007,3231.422,1
70350822-de9d-4d94-ad84-7936c03c421a.jpg,others,others,1.0000,1.200,3230.206,0.007,3231.414,1
12a41a47-6d8a-4557-99f9-91d01661e8c7.jpg,pinkie,pinkie,0.9992,1.200,3230.206,0.007,3231.413,1
26c82098-a734-4c8f-a0d0-488cace66b17.jpg,rock,rock,0.9937,1.200,3230.212,0.007,3231.419,1
a68fe6fb-5073-4eef-b72b-3c73ecda0aca.jpg,fist,fist,1.0000,1.200,3230.210,0.007,3231.418,1
61214b59-b907-4146-ad42-c83d6f3f0fae.jpg,others,others,1.0000,1.200,3230.208,0.007,3231.416,1
d5273eb7-db36-48aa-b939-272bc9197d43.jpg,pinkie,pinkie,1.0000,1.200,3230.206,0.007,3231.414,1
1ebed3c8-e731-497a-82fe-c3dfd330adf4.jpg,rock,rock,1.0000,1.200,3230.211,0.007,3231.418,1
cf4a0d3c-5635-4250-b4b3-6e429f28ceb4.jpg,others,others,0.9944,1.200,3230.212,0.007,3231.420,1
32441401-ca1d-451d-ae5c-56b4182c9692.jpg,palm,palm,1.0000,1.200,3230.210,0.007,3231.417,1
667104c6-8f5e-4826-81e7-8fae4531e210.jpg,one,one,0.8596,1.200,3230.210,0.007,3231.418,1
e142cc4f-98d7-4640-aaa9-9327df6fa385.jpg,palm,palm,1.0000,1.200,3230.212,0.007,3231.420,1
3c41686d-5baf-4369-92f9-372aa1d63f56.jpg,fist,fist,1.0000,1.200,3230.207,0.007,3231.414,1
34bcffdb-6d99-41aa-a35a-47d73851a3c2.jpg,one,one,0.9918,1.200,3230.212,0.007,3231.420,1
6273c9bf-5283-4b91-b96d-275977f928c8.jpg,palm,palm,1.0000,1.200,3230.206,0.007,3231.414,1
a6351c84-4e13-46ce-8e7c-e56b326eb6e8.jpg,pinkie,pinkie,0.9999,1.200,3230.214,0.007,3231.422,1
2e37ff53-a762-441c-afa7-35fc633d9b87.jpg,rock,rock,1.0000,1.200,3230.212,0.007,3231.419,1
af8ecaa1-3a9e-4633-b90e-f56f8680d562.jpg,fist,fist,1.0000,1.200,3230.205,0.007,3231.413,1
2957696a-dfce-41f0-9f2e-c21ccd926f86.jpg,palm,palm,1.0000,1.200,3230.208,0.007,3231.416,1
4b6bb6d6-dceb-4797-b27d-4f77ae1ac558.jpg,others,others,0.9999,1.200,3230.208,0.007,3231.415,1
89b83c3b-f344-4404-a189-8816d0c463ed.jpg,fist,fist,1.0000,1.200,3230.206,0.007,3231.414,1
b746d6da-6f91-4b9c-995c-e8ab49a2d061.jpg,palm,palm,1.0000,1.200,3230.211,0.007,3231.419,1
f154737a-0a14-4be7-9335-e3137dae2ab1.jpg,fist,fist,1.0000,1.200,3230.205,0.007,3231.412,1
c0db36a8-48c6-48ef-9603-7ba21fb83781.jpg,palm,palm,1.0000,1.200,3230.213,0.007,3231.421,1
47fd6978-37f0-4197-acf8-5c581f510b11.jpg,rock,rock,1.0000,1.200,3230.208,0.007,3231.416,1
7cde5134-03de-4dbb-bd38-3c94333d6e58.jpg,rock,rock,1.0000,1.200,3230.214,0.007,3231.422,1
f00768c0-0d34-476e-ba87-c56d79f59b39.jpg,others,others,1.0000,1.200,3230.208,0.007,3231.415,1
b42f7384-a575-4bed-bf8e-02d5296d8336.jpg,palm,palm,1.0000,1.200,3230.207,0.007,3231.415,1
66825e69-c615-4793-a61f-ab0524a41fda.jpg,fist,fist,1.0000,1.200,3230.214,0.007,3231.422,1
d64fb98a-f14d-412e-ae88-49987ee5fdca.jpg,palm,palm,1.0000,1.200,3230.213,0.007,3231.420,1
6b3bef7f-dfd3-48c4-bd2b-105aed5f0f7a.jpg,rock,rock,0.9849,1.200,3230.211,0.007,3231.419,1
b23e9561-4d1f-441f-9107-b966d45baa89.jpg,palm,palm,1.0000,1.200,3230.208,0.007,3231.416,1
b8277b71-ebef-40bd-a358-861eb4ae75f7.jpg,one,one,1.0000,1.200,3230.212,0.007,3231.420,1
6bc09680-aeda-4949-a37b-9c376092af0d.jpg,fist,fist,1.0000,1.200,3230.212,0.007,3231.420,1
98621d04-989f-4f6d-8844-6d806d5b9b89.jpg,palm,palm,1.0000,1.200,3230.208,0.007,3231.416,1
aecf1be1-a01f-4e18-a9bc-e81602980813.jpg,one,one,1.0000,1.200,3230.207,0.007,3231.415,1
a720929d-cd6b-460d-8320-ad5738535ecf.jpg,rock,rock,1.0000,1.200,3230.206,0.007,3231.414,1
272f077b-f51f-4a5b-bce9-b35f4223e5e0.jpg,one,one,0.9999,1.200,3230.210,0.007,3231.417,1
d7c1833b-7a58-41d7-a9a5-1f628f2f2052.jpg,fist,fist,1.0000,1.200,3230.215,0.007,3231.422,1
57f63912-db2b-4eb0-9789-f50b3095f20a.jpg,rock,rock,1.0000,1.200,3230.214,0.007,3231.422,1
d5abc55d-49e3-461b-b115-d24e42fac846.jpg,others,others,0.9917,1.200,3230.207,0.007,3231.414,1
828fd096-ca77-4196-8ed8-45cc33f76155.jpg,pinkie,pinkie,1.0000,1.200,3230.208,0.007,3231.415,1
196626be-0439-4a5c-a8b2-e87ea2c0de05.jpg,rock,rock,0.9999,1.200,3230.207,0.007,3231.415,1
1018bbf3-e894-4186-a407-567b6f345a51.jpg,one,one,0.9996,1.200,3230.212,0.007,3231.419,1
42076f0a-c79d-472c-aaaf-25b01dbc3fc0.jpg,one,one,1.0000,1.200,3230.208,0.007,3231.415,1
53b35713-e0bc-42d4-a83c-52e07de32efb.jpg,fist,fist,1.0000,1.200,3230.207,0.007,3231.415,1
d374dc5c-94ef-442c-a257-9ef2f4cb6632.jpg,fist,fist,1.0000,1.200,3230.214,0.007,3231.421,1
c89ed221-0473-4c21-a3e9-9938f79c0193.jpg,palm,palm,1.0000,1.200,3230.206,0.007,3231.414,1
ad8da060-f549-4e43-ad95-fe48cc35bd19.jpg,others,others,1.0000,1.200,3230.210,0.007,3231.418,1
9b4bace2-e854-46c3-b723-601628a7fbea.jpg,others,rock,0.7109,1.200,3230.210,0.007,3231.417,0
199cdd90-8af0-4948-8bab-e1f2d19f6b97.jpg,rock,rock,1.0000,1.200,3230.214,0.007,3231.422,1
f15a85ce-9230-43fa-b8a2-db45d2eedd5e.jpg,pinkie,pinkie,1.0000,1.200,3230.212,0.007,3231.420,1
c70d5fc0-6a89-4bef-bfe4-ab23b7621bc0.jpg,palm,palm,1.0000,1.200,3230.213,0.007,3231.421,1
f4d07ff7-42f6-4137-810e-fa5fefe8a619.jpg,one,one,1.0000,1.200,3230.209,0.007,3231.416,1
2a25fbed-c8eb-4da6-afc7-e32c30969a0c.jpg,palm,palm,1.0000,1.200,3230.207,0.007,3231.414,1
dd5651bb-7b10-4093-94bd-f7de3dcb18e1.jpg,pinkie,pinkie,1.0000,1.200,3230.207,0.007,3231.414,1
fa1167fc-d77b-4ae8-aaa5-2b30d8a59a46.jpg,one,one,0.9994,1.200,3230.213,0.007,3231.420,1
21b94990-bd44-47a3-a87f-bbec3ff8f3c7.jpg,fist,fist,0.8959,1.200,3230.207,0.007,3231.415,1
37515879-96ca-4d88-a52a-ef21762e99c8.jpg,others,others,0.9980,1.200,3230.206,0.007,3231.414,1
10989aa7-0170-4243-abdc-c0d25102efcf.jpg,pinkie,pinkie,1.0000,1.200,3230.206,0.007,3231.414,1
4e39aede-c505-47e9-9e3c-123f22a6c94e.jpg,pinkie,pinkie,1.0000,1.200,3230.212,0.007,3231.419,1
