image,gt,pred,confidence,pre_ms,infer_ms,post_ms,total_ms,correct
618db3c2-ffe8-4f0b-9be7-6a68f4c2e344.jpg,fist,fist,0.4337,10.045,3043.963,0.008,3054.738,1
799db22b-baeb-49a0-bf6d-20d9b5a0909f.jpg,palm,palm,0.9784,10.045,3043.964,0.008,3054.739,1
a92b91fd-fe48-404f-9111-9a3521ef48c4.jpg,pinkie,pinkie,0.4864,10.045,3043.964,0.008,3054.739,1
f5bd169c-f1fb-4983-a385-4938e2e8fa85.jpg,palm,palm,1.0000,10.045,3043.963,0.008,3054.739,1
3007f0e2-8535-4085-bd82-f9d7aaab66a5.jpg,one,one,0.9740,10.045,3043.963,0.008,3054.738,1
d73b6fae-65ed-4536-9ea5-8429ecf0b6e2.jpg,rock,rock,0.6351,10.045,3043.964,0.008,3054.739,1
5f810372-0982-4024-a047-2bb61b74cfc0.jpg,others,others,0.9522,10.045,3043.963,0.008,3054.738,1
cab654f2-2f7c-4e4f-ac9e-a3e44aafa233.jpg,one,one,0.9996,10.045,3043.963,0.008,3054.739,1
f475fe02-4094-467f-9139-c26514cd2048.jpg,rock,rock,0.9604,10.045,3043.963,0.008,3054.738,1
f47c9cbb-44d3-497f-8ad7-2f354fadb692.jpg,palm,palm,0.9995,10.045,3043.964,0.008,3054.739,1
d53e34a5-64fd-4746-93cf-c9abd1a98527.jpg,palm,palm,0.9927,10.045,3043.963,0.008,3054.738,1
ef0d773a-0cb9-4855-a43e-d0efa0a1a019.jpg,others,others,0.9993,10.045,3043.965,0.008,3054.740,1
c8af833e-f438-4cba-ae75-472e73a5d69d.jpg,fist,fist,0.8788,10.045,3043.965,0.008,3054.740,1
84a30f50-0025-44a8-b6cf-0265616bfd9d.jpg,rock,one,0.8550,10.045,3043.964,0.008,3054.739,0
3d499c3b-0c2d-4908-ae9c-b35064a13b85.jpg,others,others,0.9757,10.045,3043.964,0.008,3054.739,1
fba3a401-4d15-42a0-9aa1-1068cf37030f.jpg,fist,fist,0.9683,10.045,3043.964,0.008,3054.739,1
dbeccbe6-5ece-4c8e-98cc-8cc32abeb7d7.jpg,pinkie,pinkie,0.9665,10.045,3043.963,0.008,3054.738,1
e543d5bb-990b-43b6-8a51-f2da85c853ec.jpg,pinkie,pinkie,0.9998,10.045,3043.964,0.008,3054.740,1
7ab0b25e-33c0-488b-bb01-e7bdf347f6ce.jpg,rock,rock,1.0000,10.045,3043.963,0.008,3054.738,1
98e7beaa-afb2-4884-999c-fcd137d1b70c.jpg,rock,rock,1.0000,10.045,3043.964,0.008,3054.739,1
720bc322-c4f7-4930-85cc-40faf7b3f449.jpg,others,others,0.9899,10.045,3043.964,0.008,3054.739,1
9461adc0-c19b-4fdd-a15f-e826c4a41ec1.jpg,palm,palm,0.9971,10.045,3043.963,0.008,3054.738,1
3921376c-999d-4295-aa0c-db427ee08dee.jpg,pinkie,pinkie,0.9981,10.045,3043.964,0.008,3054.739,1
330b47c7-8d52-4999-acc3-71bc05f1a499.jpg,fist,fist,0.9561,10.045,3043.963,0.008,3054.738,1
97dbdee1-8194-4c0c-bb33-b591d03ebf51.jpg,fist,others,0.6844,10.045,3043.962,0.008,3054.738,0
0bd3c97f-be16-409a-97a2-879561402bf2.jpg,pinkie,pinkie,0.9959,10.045,3043.963,0.008,3054.738,1
f12b1ae7-7dc2-4a72-861f-a3a023de39b4.jpg,one,one,0.9771,10.045,3043.963,0.008,3054.738,1
5c77cd90-22d3-4e0f-bb62-ae727d9586f2.jpg,palm,palm,1.0000,10.045,3043.964,0.008,3054.739,1
829d048f-b15f-4706-8b5d-d859fd33a233.jpg,palm,palm,0.9120,10.045,3043.964,0.008,3054.739,1
88fdd31b-2fbe-47be-b053-a0c68bc0cea5.jpg,pinkie,pinkie,0.9804,10.045,3043.963,0.008,3054.738,1
db0127da-cb19-456e-b01c-b76c6ee658aa.jpg,pinkie,pinkie,1.0000,10.045,3043.963,0.008,3054.738,1
c6d9cba0-7e6c-4f47-9d7e-a26f57aadf3a.jpg,palm,palm,0.4255,10.045,3043.962,0.008,3054.738,1
968eb2b1-6825-4ca6-811c-d383ae3de2e3.jpg,others,others,0.9639,10.045,3043.964,0.008,3054.739,1
003753ad-301e-4715-9d5c-eedd46f862e0.jpg,one,one,0.9816,10.045,3043.965,0.008,3054.740,1
837c134a-bd9b-4ed9-a4c4-11cc9388fb62.jpg,others,others,0.9500,10.045,3043.963,0.008,3054.739,1
6f38f9d4-e29d-4128-adc2-3550013655fe.jpg,pinkie,pinkie,0.9372,10.045,3043.963,0.008,3054.738,1
c38e8fb5-be3d-4cba-bde4-04a4e1e2ddde.jpg,one,one,0.9959,10.045,3043.964,0.008,3054.739,1
560cb002-c8b8-4c21-bcfd-bb0ed7978664.jpg,palm,palm,0.9949,10.045,3043.964,0.008,3054.739,1
7621d756-eeb5-4bf0-87c5-d8019a709988.jpg,pinkie,pinkie,1.0000,10.045,3043.963,0.008,3054.738,1
43bd4d6c-7826-48a8-aefe-bb2215a3850e.jpg,fist,fist,1.0000,10.045,3043.963,0.008,3054.739,1
11d3216c-5b6f-4052-b427-dc28a6b6fe4c.jpg,rock,rock,1.0000,10.045,3043.964,0.008,3054.739,1
27579fbb-3846-4d69-ba10-9464238c26b4.jpg,others,others,0.8341,10.045,3043.963,0.008,3054.738,1
752adc60-b7b6-4cc7-80c9-e23e004df46d.jpg,others,rock,0.9363,10.045,3043.963,0.008,3054.738,0
0b7f41ef-a7ae-47b4-a1bb-272c486320b4.jpg,fist,fist,0.6176,10.045,3043.964,0.008,3054.739,1
f041dfb1-5fc7-4d77-b4eb-cda770cdf2e9.jpg,others,others,0.9850,10.045,3043.964,0.008,3054.739,1
7094bbda-2f60-45cd-ac63-79ade6921c1f.jpg,pinkie,one,0.5307,10.045,3043.963,0.008,3054.739,0
ee0c6e76-f167-476c-a485-ced5a769464b.jpg,palm,palm,0.6995,10.045,3043.963,0.008,3054.738,1
d452cbf2-59c2-429e-96f0-e36ec0a488d2.jpg,one,one,0.9451,10.045,3043.963,0.008,3054.738,1
c76c73c3-257d-4cc9-bfdc-74417ad09be0.jpg,fist,fist,0.4783,10.045,3043.964,0.008,3054.739,1
f2b3f2f6-8e3f-4c61-9c9e-aede4747be88.jpg,pinkie,pinkie,0.9949,10.045,3043.964,0.008,3054.739,1
7473cf4b-311b-4ec8-9a2c-640cf430fe58.jpg,one,one,0.8091,10.045,3043.964,0.008,3054.739,1
f3b76361-4f32-4c7a-8e6d-ea524c320ecc.jpg,others,others,0.9773,10.045,3043.964,0.008,3054.739,1
c0213780-e69c-4780-8cfe-31dea8550a3a.jpg,fist,fist,0.7157,10.045,3043.964,0.008,3054.740,1
d7dd4657-4523-4ac0-b76a-a2858e45c278.jpg,one,one,0.8777,10.045,3043.964,0.008,3054.739,1
b3489fd7-7c4c-475c-adee-21705736c668.jpg,rock,rock,0.3556,10.045,3043.964,0.007,3054.738,1
768a2be8-10d1-4c32-964b-1bf5305946fe.jpg,pinkie,pinkie,0.6995,10.045,3043.964,0.008,3054.739,1
f51d7d36-70d1-4aa8-a9bb-0f9edd22d828.jpg,palm,palm,0.9725,10.045,3043.963,0.008,3054.738,1
3007f0e2-8535-4085-bd82-f9d7aaab66a5.jpg,one,one,0.9740,10.045,3043.963,0.008,3054.739,1
679e6c23-5012-4778-820b-7e3401be72eb.jpg,others,others,0.2536,10.045,3043.962,0.007,3054.737,1
88fdd31b-2fbe-47be-b053-a0c68bc0cea5.jpg,pinkie,pinkie,0.9804,10.045,3043.962,0.008,3054.737,1
ac104f7d-2b7c-4ca9-8737-6ac70c634d0b.jpg,one,one,0.8732,10.045,3043.963,0.008,3054.739,1
f475fe02-4094-467f-9139-c26514cd2048.jpg,rock,rock,0.9604,10.045,3043.964,0.008,3054.739,1
094a2a9e-5132-42bc-a1aa-72947e8ca55d.jpg,palm,palm,0.9396,10.045,3043.964,0.008,3054.739,1
687a36e8-f1bf-46be-ad0c-d5daa99f95b2.jpg,rock,rock,1.0000,10.045,3043.963,0.008,3054.739,1
0e8a45dd-32d5-4504-aeee-f4ed2c5f0004.jpg,one,one,0.9999,10.045,3043.965,0.008,3054.741,1
aca11712-42e0-4c98-9736-1fa812883980.jpg,others,others,0.4837,10.045,3043.963,0.008,3054.739,1
b905f0f9-e5c9-43f9-963c-bc1a2c2b2049.jpg,pinkie,pinkie,0.9996,10.045,3043.964,0.008,3054.740,1
70da1ad2-f6ba-4804-915a-aab7810562bf.jpg,pinkie,others,0.3001,10.045,3043.964,0.007,3054.739,0
907d1f3f-a67b-4175-a410-4ba28266d1d9.jpg,palm,palm,0.8219,10.045,3043.964,0.008,3054.739,1
66ed9291-4228-444e-bb1e-4eb97836216a.jpg,fist,fist,0.9608,10.045,3043.962,0.008,3054.737,1
11e9369b-b4e0-4050-b9b5-eff90da274d5.jpg,fist,fist,0.9927,10.045,3043.964,0.008,3054.739,1
e09e9c40-358d-42fc-85f0-e85ed53f8a62.jpg,palm,palm,0.5316,10.045,3043.965,0.008,3054.740,1
9c6440a4-21d3-4526-9294-68e30d45feb0.jpg,one,one,0.9746,10.045,3043.964,0.008,3054.740,1
e17c777e-ce96-4467-ad8a-007d1962092d.jpg,pinkie,pinkie,0.9992,10.045,3043.964,0.008,3054.739,1
e587085b-046b-4cd8-83a8-228ecdc1b80a.jpg,fist,fist,0.9988,10.045,3043.963,0.008,3054.739,1
3b473a47-8196-4c54-8389-d78f3eb8d614.jpg,rock,rock,0.9998,10.045,3043.962,0.008,3054.738,1
cdce8e81-03ce-4d2b-87ca-87c2d4ff51bb.jpg,others,fist,0.2962,10.045,3043.965,0.007,3054.740,0
f77bea2a-49be-4ebb-967c-6ad161b3c9b0.jpg,others,others,0.3281,10.045,3043.965,0.007,3054.740,1
98a10752-1ec8-47e3-a526-15d6f93010e2.jpg,pinkie,pinkie,1.0000,10.045,3043.964,0.008,3054.739,1
93343033-b5b1-4a48-a0bd-19b6b6b2ba37.jpg,one,one,0.4565,10.045,3043.963,0.008,3054.738,1
0756fff4-e4c3-437c-84be-2f5a244f04bc.jpg,others,others,1.0000,10.045,3043.963,0.008,3054.739,1
d99e216b-1ddd-4d75-91ad-a30eb9717abd.jpg,fist,fist,0.9975,10.045,3043.965,0.008,3054.741,1
60f548b7-a708-46a2-b2d6-5760760eafe8.jpg,palm,palm,0.9989,10.045,3043.964,0.008,3054.739,1
da8f0f2a-89fc-4bc4-9412-a47369b489f6.jpg,one,one,0.9539,10.045,3043.963,0.008,3054.739,1
cec7d0d8-f840-4c8a-8c90-1748717b66a3.jpg,one,pinkie,0.6587,10.045,3043.963,0.008,3054.738,0
583b8939-da24-4fd6-b546-0a7f4259af86.jpg,one,one,0.9997,10.045,3043.964,0.008,3054.739,1
7621d756-eeb5-4bf0-87c5-d8019a709988.jpg,pinkie,pinkie,1.0000,10.045,3043.964,0.008,3054.740,1
3e0325d5-9417-46bf-964b-0a346cc6b7be.jpg,others,others,0.3482,10.045,3043.963,0.008,3054.738,1
9b03b7d7-9542-48b9-8e5b-006e9aa5a2f2.jpg,others,others,0.9825,10.045,3043.963,0.008,3054.738,1
84d94eee-2a9a-4e4d-868b-7d4c9af1ea5d.jpg,others,others,0.2484,10.045,3043.964,0.007,3054.738,1
4bb097aa-3e03-4eb9-ae76-a7e5b4a017c6.jpg,rock,rock,0.9704,10.045,3043.964,0.008,3054.739,1
e2fa375b-778a-413f-bd2b-ab21d1e63f1b.jpg,palm,palm,0.3664,10.045,3043.963,0.008,3054.738,1
dc05394d-d48f-4ab2-8154-3281483f0a95.jpg,palm,palm,0.9784,10.045,3043.964,0.008,3054.740,1
e53a485b-29ca-4c20-a5d7-867b7c441f5d.jpg,others,rock,0.6477,10.045,3043.963,0.008,3054.739,0
f40ce034-d8d4-4e71-b2b9-77186d89250d.jpg,palm,palm,0.9791,10.045,3043.965,0.008,3054.740,1
a1601b31-77fb-400e-a3aa-1bace7a65ccf.jpg,rock,rock,1.0000,10.045,3043.962,0.008,3054.738,1
8f89c236-1809-43ab-99e7-b03be554acec.jpg,pinkie,pinkie,0.9044,10.046,3043.963,0.008,3054.739,1
e437d2f0-3501-4955-b5c6-6a1ce6561c6f.jpg,fist,fist,0.9998,10.045,3043.964,0.008,3054.739,1
5400a8e4-b3f5-47f6-a366-10c9276c655f.jpg,rock,rock,0.9571,10.045,3043.963,0.008,3054.738,1
c3e07cca-a414-434c-a985-24b9580e6bd0.jpg,pinkie,pinkie,0.9989,10.045,3043.963,0.008,3054.738,1
9144f9a4-3870-4dbb-91c1-c065dfa757ec.jpg,pinkie,pinkie,0.9994,10.045,3043.963,0.008,3054.739,1
4b9cdf27-c30b-4b0a-8567-e86daa542ed2.jpg,rock,rock,0.9999,10.045,3043.962,0.008,3054.737,1
83042e3b-24a6-4316-815c-2c9d5aab52ed.jpg,others,others,0.9908,10.045,3043.964,0.008,3054.739,1
a567fbd6-4d97-4108-91a1-2e715717731a.jpg,one,one,0.3810,10.045,3043.965,0.008,3054.740,1
5c3d9d49-b356-4c87-bad8-987051a0a9b7.jpg,pinkie,pinkie,1.0000,10.045,3043.964,0.008,3054.739,1
5669ed06-efe4-499c-a314-8fc85d48dceb.jpg,pinkie,pinkie,1.0000,10.045,3043.965,0.008,3054.741,1
b8c9ebe9-ca14-4c7e-a78d-15c38e4d2e7c.jpg,pinkie,pinkie,0.8868,10.045,3043.963,0.008,3054.739,1
2d3d3f00-5d9c-407e-8ee6-b51d10ff8dc6.jpg,rock,rock,1.0000,10.045,3043.964,0.008,3054.739,1
3cab2b32-8e4c-4926-b334-5fcadc47e959.jpg,pinkie,pinkie,0.9998,10.045,3043.963,0.008,3054.738,1
5105f618-4884-4291-bfdb-44f1b479225a.jpg,pinkie,pinkie,0.9998,10.045,3043.963,0.008,3054.738,1
0e58d12f-2e2b-440e-9a55-174059cbd2ad.jpg,pinkie,pinkie,0.9954,10.045,3043.964,0.008,3054.739,1
e3222864-1f8d-48a2-a654-13afa9078472.jpg,palm,palm,1.0000,10.045,3043.965,0.008,3054.740,1
0bd3c97f-be16-409a-97a2-879561402bf2.jpg,pinkie,pinkie,0.9959,10.045,3043.963,0.008,3054.738,1
737ff4c4-4a9b-4736-bd40-2f0f06d3991f.jpg,one,one,0.9992,10.045,3043.964,0.008,3054.739,1
70ffccd1-400a-43d2-aa0a-60d393cc900b.jpg,pinkie,pinkie,0.9999,10.045,3043.963,0.008,3054.738,1
72d03a94-b43d-44f0-a012-123beb5880f6.jpg,fist,fist,0.9750,10.045,3043.964,0.008,3054.739,1
891e1ea8-2b4a-48c9-9f27-2b8376d32139.jpg,others,others,0.5070,10.045,3043.963,0.008,3054.738,1
6963c3d4-7de3-43ea-899e-34f7f46526c5.jpg,fist,fist,0.9995,10.045,3043.964,0.008,3054.739,1
965f8cb3-6ed1-470e-8e0b-160e98f4f246.jpg,one,one,0.9843,10.045,3043.964,0.008,3054.739,1
fe38dc3e-094b-4ccd-a3e8-0ceb3de7c2ec.jpg,others,palm,0.5022,10.045,3043.963,0.008,3054.739,0
a343013e-0f12-4f3a-aeef-ecb99ead8375.jpg,fist,fist,0.9430,10.045,3043.962,0.008,3054.738,1
9f232d8f-7c13-4cb5-bab3-aff53b926d19.jpg,rock,rock,0.7319,10.045,3043.963,0.008,3054.739,1
ccdf6d57-cce7-425d-b563-bcb225668126.jpg,rock,rock,1.0000,10.045,3043.964,0.008,3054.739,1
f1f11d29-acc9-4eed-9a30-c266eeb8eafa.jpg,palm,palm,1.0000,10.045,3043.964,0.008,3054.739,1
fb120d52-4cd4-48d1-ac82-4b8ce4e72fb2.jpg,others,others,0.4283,10.045,3043.962,0.008,3054.738,1
697b3ad3-3e92-4a7f-9dcf-91105ce303e7.jpg,fist,fist,0.9022,10.045,3043.963,0.008,3054.738,1
dabb2c0e-cdea-449f-ab51-35037f640c8e.jpg,palm,palm,0.9999,10.045,3043.962,0.008,3054.738,1
78b0310e-84f8-4431-abca-cff528d40247.jpg,fist,fist,0.9999,10.045,3043.963,0.008,3054.738,1
bcb73b16-a517-49b0-9494-8ab097a0781f.jpg,palm,palm,1.0000,10.045,3043.963,0.008,3054.738,1
100ed1b6-f68c-4c5b-85d1-28cc102dc24c.jpg,palm,palm,1.0000,10.045,3043.965,0.008,3054.740,1
25402681-d0f6-425f-91b5-8b0a4f7c2300.jpg,palm,others,0.2204,10.045,3043.963,0.007,3054.738,0
ac0e90e7-e7d4-4642-b929-128a1693eb2b.jpg,one,one,0.7579,10.046,3043.963,0.008,3054.738,1
752adc60-b7b6-4cc7-80c9-e23e004df46d.jpg,others,rock,0.9363,10.045,3043.964,0.008,3054.739,0
8416da4e-74cb-486c-a582-89f09a92c9d0.jpg,rock,rock,0.9993,10.045,3043.964,0.008,3054.739,1
e07d84f0-3dc8-40af-9df8-68d14dc1622a.jpg,palm,palm,0.9996,10.045,3043.964,0.008,3054.739,1
dfae76ff-1cf2-4be0-9271-080964b0aa0d.jpg,others,fist,0.2379,10.045,3043.965,0.007,3054.739,0
1da62575-a3a8-446e-8d35-579b2f2bec0f.jpg,palm,palm,0.9935,10.045,3043.964,0.008,3054.739,1
675a9677-6ec2-4e64-9daa-de643842253a.jpg,rock,rock,1.0000,10.045,3043.964,0.008,3054.739,1
9714a192-2af5-498e-96e0-e5e72d591dfc.jpg,one,others,0.3416,10.045,3043.963,0.008,3054.738,0
ed1b5667-996b-40b3-943a-ac04e33d6033.jpg,pinkie,pinkie,0.8588,10.045,3043.963,0.008,3054.738,1
91fc0b07-b4be-4632-a100-7cd00a654eb5.jpg,palm,palm,0.9704,10.045,3043.963,0.008,3054.738,1
3558cd62-db0e-4926-8c3f-856d81b3ab50.jpg,palm,palm,0.9948,10.045,3043.963,0.008,3054.738,1
cd37d0bc-401e-44a9-bac5-e20e663a2ee8.jpg,palm,palm,0.9807,10.045,3043.963,0.008,3054.739,1
3bacf772-28b6-4f6a-8cbf-41c88485bd4d.jpg,others,others,0.2623,10.045,3043.964,0.007,3054.738,1
d5587bdc-dafe-4a01-b4c8-2c53c13c3e23.jpg,palm,palm,0.9990,10.045,3043.963,0.008,3054.738,1
99512a74-c661-4a91-b0ea-55f8493d32e1.jpg,rock,rock,0.9405,10.045,3043.963,0.008,3054.738,1
3b3c279f-dea8-4dfc-99dc-51ac6abcc4b1.jpg,fist,fist,0.9858,10.045,3043.963,0.008,3054.738,1
9c2745e4-9f52-4303-947a-ce5149f58320.jpg,rock,others,0.5654,10.045,3043.964,0.008,3054.739,0
1d56b77a-51c1-4fea-a86b-50bd747ba7e5.jpg,one,fist,0.4026,10.045,3043.964,0.008,3054.739,0
dbc8b6dd-70e1-4f96-a267-9713b5071be4.jpg,palm,palm,0.9997,10.045,3043.965,0.008,3054.740,1
f5c2e6c0-371b-4aec-bd90-5eb37d1268bd.jpg,palm,palm,0.8886,10.045,3043.963,0.008,3054.739,1
db4bc744-619b-4d6a-b43f-521807a5fe18.jpg,one,others,0.2778,10.045,3043.964,0.007,3054.738,0
f8d32cf3-d194-49b8-9b43-656f88b1f4ec.jpg,one,one,0.4832,10.045,3043.963,0.008,3054.738,1
046ae137-429b-4145-96a0-94579f9d746b.jpg,fist,fist,0.9879,10.045,3043.963,0.008,3054.738,1
364addfb-6f6f-4acf-bd6a-4c9a999dac9a.jpg,palm,palm,0.9983,10.045,3043.963,0.008,3054.738,1
9144f9a4-3870-4dbb-91c1-c065dfa757ec.jpg,pinkie,pinkie,0.9994,10.045,3043.963,0.008,3054.738,1
071dbba0-fe96-498a-a32d-e8e082dfb375.jpg,others,others,0.3625,10.045,3043.964,0.008,3054.739,1
88d4af90-8ba7-4c61-96e7-dfdd64a462ea.jpg,rock,rock,0.9983,10.045,3043.964,0.008,3054.739,1
3868eab1-cd97-4c3a-96d5-526b2a9dcad2.jpg,others,others,0.9902,10.045,3043.963,0.008,3054.738,1
484ebaac-2f85-4d5a-a398-57ddb6c3c8f4.jpg,palm,palm,0.9904,10.045,3043.963,0.008,3054.738,1
a3fef966-f2e9-4f38-8434-60696c2cb8b9.jpg,fist,fist,0.9939,10.045,3043.964,0.008,3054.739,1
806b4245-3787-41c9-918c-aa0241dc07d5.jpg,one,one,0.9988,10.045,3043.963,0.008,3054.738,1
4eecba2f-4e0d-4ce3-af5e-2cccfb679fde.jpg,pinkie,pinkie,1.0000,10.045,3043.964,0.008,3054.739,1
5dbdd148-53d5-444a-b2db-6d8df1834812.jpg,rock,pinkie,0.9975,10.045,3043.963,0.008,3054.739,0
0806f373-bee2-416d-bb8c-3743f4ddbb0c.jpg,rock,others,0.4657,10.045,3043.963,0.008,3054.738,0
95d16815-9b60-4627-812f-120d017670f7.jpg,pinkie,pinkie,0.9980,10.045,3043.964,0.008,3054.739,1
21b6b122-572c-4181-bfc0-4f35638c7607.jpg,palm,palm,1.0000,10.045,3043.964,0.008,3054.739,1
799db22b-baeb-49a0-bf6d-20d9b5a0909f.jpg,palm,palm,0.9784,10.045,3043.963,0.008,3054.738,1
03d03cf4-3b04-4e02-b94f-dd6a4fffcbec.jpg,fist,fist,0.9961,10.045,3043.963,0.008,3054.738,1
9b85e25e-7ef5-4928-a7ce-3b7d566a204a.jpg,rock,rock,1.0000,10.045,3043.963,0.008,3054.738,1
5646434c-b4e4-46c4-b522-d121b80c522d.jpg,palm,palm,0.9980,10.045,3043.964,0.008,3054.739,1
753c454b-c718-49f6-86b9-a6ad9bd81d36.jpg,one,fist,0.6132,10.045,3043.963,0.008,3054.739,0
e1f8c897-e994-4718-a1b3-f2ba50d493d3.jpg,others,others,0.8978,10.046,3043.963,0.008,3054.739,1
7aaa4f36-8dc5-421f-85d0-3979696e39e0.jpg,others,others,0.8268,10.045,3043.964,0.008,3054.739,1
d92f7622-cd14-4643-99d1-eac109ea003b.jpg,others,others,0.6008,10.045,3043.964,0.008,3054.739,1
a50061eb-7814-4efa-9067-99ab25f55851.jpg,others,others,0.5714,10.045,3043.963,0.008,3054.737,1
bafaffaf-7762-4aa8-85cb-47f4190600d8.jpg,rock,rock,0.6384,10.045,3043.965,0.008,3054.740,1
85bae08c-b216-48b6-ab6f-907b1e957a2c.jpg,rock,rock,1.0000,10.045,3043.963,0.008,3054.738,1
a9e61201-d967-413e-987b-197210ab0f21.jpg,fist,fist,0.9973,10.045,3043.963,0.008,3054.738,1
3476160f-f3eb-497b-ba36-0e2035d51565.jpg,fist,fist,0.9996,10.045,3043.963,0.008,3054.738,1
73886c9f-6c18-4af1-90ce-3c5f161eba84.jpg,others,others,0.9863,10.045,3043.964,0.008,3054.740,1
69c4fa93-ac39-499f-98ed-65c0e4e3c419.jpg,others,others,0.9576,10.045,3043.965,0.008,3054.740,1
51437239-fbe0-4152-bad8-e72f4dff04eb.jpg,others,others,0.8046,10.045,3043.963,0.008,3054.738,1
a0ec95db-d925-499f-bcf1-38a37a846a79.jpg,rock,rock,0.9982,10.045,3043.963,0.008,3054.738,1
f4ca69fb-2428-42f0-9bd2-89cee8e89f34.jpg,one,one,0.9976,10.045,3043.963,0.008,3054.738,1
6d4c26e4-610e-4ead-94ee-b0c94cca52f7.jpg,rock,rock,0.8388,10.045,3043.964,0.008,3054.739,1
57239b8b-4bcf-4967-9ec1-e6ed4b363b55.jpg,rock,rock,0.9973,10.045,3043.963,0.008,3054.739,1
318aae2d-454c-4509-9079-e695fcf43ebf.jpg,others,others,0.2533,10.045,3043.964,0.007,3054.739,1
66e6afd5-a9a5-4aaa-9b6e-866726ec8da5.jpg,palm,palm,1.0000,10.045,3043.963,0.008,3054.739,1
d4fe2f4a-312b-43ee-9cab-bc87e1a27437.jpg,others,rock,0.9941,10.045,3043.964,0.008,3054.739,0
53984d59-9797-4f35-84d0-d51d2a281381.jpg,one,one,0.8813,10.045,3043.964,0.008,3054.740,1
48e7804e-5895-4462-bcb6-a6e6126d92d5.jpg,pinkie,pinkie,0.9713,10.045,3043.964,0.008,3054.739,1
01964dca-b48c-4da9-8180-6ecdef16e7db.jpg,palm,palm,0.9999,10.045,3043.963,0.008,3054.738,1
1c5893bc-dc60-4e65-98b1-94a5dc6809c6.jpg,palm,palm,1.0000,10.045,3043.964,0.008,3054.739,1
2a62dc73-0936-4a3e-9f3c-6d8aebe60c2f.jpg,fist,fist,0.2685,10.045,3043.964,0.007,3054.738,1
5d2729cf-2273-4f45-863e-c0b6af9c8fdf.jpg,rock,rock,1.0000,10.045,3043.964,0.008,3054.739,1
10a0c648-ce4f-46ff-b47d-80faf26a5e4c.jpg,rock,rock,0.7108,10.045,3043.963,0.008,3054.738,1
a68a0028-2d20-4f51-899a-ad8322981b14.jpg,others,fist,0.2566,10.045,3043.963,0.007,3054.738,0
1b6e94d4-b15a-42a0-be04-41c188bc029f.jpg,rock,rock,1.0000,10.045,3043.963,0.008,3054.739,1
dc3a6163-468c-498f-ad1c-43ce0a56c4e0.jpg,palm,palm,0.7733,10.045,3043.963,0.008,3054.739,1
9f3a9091-a45c-41b1-bb2d-081d8473ac50.jpg,others,others,0.9961,10.045,3043.963,0.008,3054.738,1
2bc6770c-6dd1-4118-b5d3-199785c8866f.jpg,pinkie,pinkie,1.0000,10.045,3043.963,0.008,3054.738,1
7645693f-425c-4cf7-b1aa-48035bb64850.jpg,rock,rock,0.9952,10.045,3043.963,0.008,3054.738,1
636535c7-550c-42ea-91e8-93d56cee7962.jpg,one,one,0.5441,10.045,3043.963,0.008,3054.739,1
ef0d773a-0cb9-4855-a43e-d0efa0a1a019.jpg,others,others,0.9993,10.045,3043.963,0.008,3054.738,1
ca9ed72a-f2c9-43f0-ab84-bfebcd9fbf60.jpg,palm,palm,1.0000,10.045,3043.963,0.008,3054.739,1
cb05b9a4-e992-44dd-846b-c31865cbe445.jpg,others,rock,0.6554,10.045,3043.964,0.008,3054.740,0
f882f029-f00b-4ff7-b80e-3880def56888.jpg,fist,fist,0.9989,10.045,3043.963,0.008,3054.738,1
40a3f27e-897d-4599-b1ce-d572adc7ddd4.jpg,palm,palm,1.0000,10.045,3043.963,0.008,3054.739,1
02b69a2b-addb-4d82-8fe7-bbb383d920d6.jpg,fist,fist,0.9983,10.045,3043.962,0.008,3054.737,1
56a8c75a-0245-4995-b0ab-6b017f7be5b6.jpg,fist,fist,0.9756,10.045,3043.963,0.008,3054.738,1
a613698b-ee03-4ee3-8c66-a4a55e953025.jpg,rock,rock,0.9378,10.045,3043.964,0.008,3054.739,1
30c44205-4a41-403b-8d65-e9f35d58e77a.jpg,palm,palm,0.9994,10.045,3043.964,0.008,3054.739,1
14ca0c63-93e7-4a15-bde0-a654e18fd675.jpg,others,others,0.9993,10.045,3043.964,0.008,3054.739,1
2c0b5094-e578-4c5b-81fd-b7bfe0f90d89.jpg,pinkie,pinkie,0.9989,10.045,3043.964,0.008,3054.739,1
ac799d56-b006-4ca4-a200-65771edb3f4e.jpg,palm,others,0.2884,10.045,3043.963,0.007,3054.737,0
a402f853-eb29-4e4a-8c27-3d0fbae01d4a.jpg,rock,rock,0.9999,10.045,3043.963,0.008,3054.739,1
c38e8fb5-be3d-4cba-bde4-04a4e1e2ddde.jpg,one,one,0.9959,10.045,3043.963,0.008,3054.738,1
7d4bf988-1e0d-47d4-b6ae-9504cef79562.jpg,one,one,0.6413,10.045,3043.963,0.008,3054.738,1
545eb430-9a28-45ec-bbdd-848a85817271.jpg,one,pinkie,0.8571,10.045,3043.963,0.008,3054.738,0
85fe656c-c2c1-48df-b791-1283b0df3fa5.jpg,pinkie,others,0.4345,10.045,3043.964,0.008,3054.739,0
0ee46b03-b7f2-4551-8e29-c345000da380.jpg,pinkie,pinkie,0.9933,10.045,3043.965,0.008,3054.740,1
6065efc8-7e4b-4d8d-aacf-9dc31c5b9590.jpg,palm,palm,0.9994,10.045,3043.963,0.008,3054.738,1
abf78722-00f2-4d3d-be84-d66a79990929.jpg,rock,rock,0.9998,10.045,3043.963,0.008,3054.739,1
6fcd400e-fded-42b1-aaf4-0b72efa55c8e.jpg,rock,rock,1.0000,10.045,3043.964,0.008,3054.739,1
887b5957-914b-4831-bfa5-adfc89915158.jpg,palm,palm,0.9932,10.045,3043.963,0.008,3054.738,1
dbeccbe6-5ece-4c8e-98cc-8cc32abeb7d7.jpg,pinkie,pinkie,0.9665,10.045,3043.963,0.008,3054.739,1
490296eb-b5ea-4d02-9624-c5686070f0c1.jpg,pinkie,pinkie,0.9985,10.045,3043.963,0.008,3054.738,1
117cd698-68d6-4981-91e8-389a1861c92f.jpg,one,one,0.4054,10.045,3043.964,0.008,3054.739,1
6823043b-9375-4bd1-b54c-bfd3e85cd779.jpg,rock,rock,0.9961,10.045,3043.964,0.008,3054.739,1
67e9b099-8fb4-477b-867b-075734ded9e2.jpg,one,one,0.9961,10.045,3043.965,0.008,3054.740,1
931d09da-84c7-4d84-b634-d4c27283f5f3.jpg,palm,palm,0.9984,10.045,3043.963,0.008,3054.739,1
b2974a2c-b637-4ac9-aa63-d4e6d3273bc7.jpg,palm,palm,0.9999,10.045,3043.964,0.008,3054.740,1
2af53a92-b797-4124-b9e9-0fe5e73c73de.jpg,rock,rock,1.0000,10.045,3043.962,0.008,3054.737,1
8c722cc7-8e95-4e65-9aac-fd517ef095ef.jpg,one,one,0.9840,10.045,3043.964,0.008,3054.739,1
7c7a953d-c758-48be-a48d-ed685b62d1b0.jpg,palm,palm,0.9997,10.045,3043.962,0.008,3054.737,1
26bc27d7-fa7e-4394-b37e-a81f13fea582.jpg,others,one,0.8452,10.045,3043.965,0.008,3054.740,0
e82e4274-bdf0-4693-84a6-90f0c33267b4.jpg,one,one,1.0000,10.045,3043.963,0.008,3054.738,1
1767e348-6030-4250-a13f-3e8251b1060f.jpg,rock,rock,1.0000,10.045,3043.962,0.008,3054.737,1
c4f76a72-86f9-4826-bd04-b7997815e50f.jpg,others,others,0.7663,10.045,3043.964,0.008,3054.740,1
a3fef966-f2e9-4f38-8434-60696c2cb8b9.jpg,fist,fist,0.9939,10.045,3043.963,0.008,3054.738,1
7a54c713-690d-4b4f-872e-5e774fc29eae.jpg,palm,palm,0.9999,10.045,3043.964,0.008,3054.739,1
393535d9-bde4-4756-b009-c514d41bc132.jpg,one,one,0.3364,10.045,3043.964,0.008,3054.739,1
5f4a26f4-2488-4a36-8b9e-b7e91dc6acdb.jpg,fist,fist,0.9994,10.045,3043.965,0.008,3054.740,1
bbedd1ee-24f9-4e98-a74f-b7225508ce4f.jpg,one,one,0.9998,10.045,3043.963,0.008,3054.738,1
31641d78-0c34-4aa8-9d5f-13ce8f8700e0.jpg,others,others,0.5079,10.045,3043.963,0.008,3054.738,1
3cc66ebb-dfeb-48f6-9524-652a6a074be4.jpg,pinkie,pinkie,0.9916,10.045,3043.963,0.008,3054.738,1
697b3ad3-3e92-4a7f-9dcf-91105ce303e7.jpg,fist,fist,0.9022,10.045,3043.964,0.008,3054.739,1
7ff1edc5-34bd-4abc-b45e-605bcdb4905d.jpg,palm,palm,0.9977,10.045,3043.964,0.008,3054.739,1
15ae1e4b-0f81-416c-a5e3-e68f46b8f110.jpg,fist,fist,0.6406,10.045,3043.963,0.008,3054.738,1
5f5943fd-3814-444e-9ff8-48ef3944f031.jpg,one,one,0.9504,10.045,3043.964,0.008,3054.739,1
201f1309-a654-4cca-87ea-0aee18c6847f.jpg,fist,fist,0.4266,10.045,3043.962,0.008,3054.738,1
89897ab0-e2e1-4700-b480-6d5ebd9cd02f.jpg,rock,rock,1.0000,10.045,3043.963,0.008,3054.738,1
7d611362-ef0f-432e-89f0-4ec62cea2cbf.jpg,others,others,0.9845,10.045,3043.963,0.008,3054.738,1
c9821de0-94cc-4cb1-89aa-315361de63fa.jpg,others,others,0.8447,10.045,3043.965,0.008,3054.740,1
2a918924-ac93-4dc5-bccf-0495bfafadb3.jpg,pinkie,pinkie,0.9860,10.045,3043.964,0.008,3054.739,1
b156f5bd-130e-445a-9c98-1dbc6639e56c.jpg,one,fist,0.5696,10.045,3043.963,0.008,3054.738,0
305e7094-68a8-4be2-93c7-e9933f81e4b3.jpg,palm,palm,0.9964,10.045,3043.964,0.008,3054.739,1
8d168249-0df3-41fa-8af5-faf4a66a4c60.jpg,others,others,0.5374,10.045,3043.964,0.008,3054.739,1
959f9bcd-f34f-4879-b358-badd217604e1.jpg,fist,others,0.4110,10.045,3043.964,0.008,3054.739,0
405e8167-8340-4e67-a162-22299b542315.jpg,one,one,0.7389,10.045,3043.964,0.008,3054.739,1
ab1a4a83-f9b3-470b-ad21-251ee80f6df6.jpg,one,one,0.2428,10.045,3043.962,0.007,3054.737,1
3f539257-ae49-4e84-9448-a5d4586660b1.jpg,palm,palm,0.9971,10.045,3043.965,0.008,3054.740,1
a3002515-432e-4e7c-aebe-f429e2599e10.jpg,one,one,0.9970,10.045,3043.965,0.008,3054.740,1
4cfe7b65-5302-4b17-b4ba-41703f8072a7.jpg,rock,rock,0.2376,10.045,3043.964,0.007,3054.738,1
720bc322-c4f7-4930-85cc-40faf7b3f449.jpg,others,others,0.9899,10.045,3043.963,0.008,3054.738,1
968eb2b1-6825-4ca6-811c-d383ae3de2e3.jpg,others,others,0.9639,10.045,3043.963,0.008,3054.739,1
437d4abe-ae36-451c-8c94-850f7a04fe2f.jpg,pinkie,pinkie,0.6765,10.045,3043.964,0.008,3054.740,1
9b79e882-712d-48fd-ae55-02b47f03b216.jpg,others,others,0.7346,10.045,3043.963,0.008,3054.739,1
ee48c567-760f-44a8-880d-f3a807538cf7.jpg,one,one,0.9782,10.045,3043.963,0.008,3054.738,1
7267ef92-dcbd-4d10-80a3-0355f0444970.jpg,rock,rock,0.9998,10.045,3043.965,0.008,3054.740,1
9cfa9607-3201-47b4-8976-570c85af888c.jpg,palm,palm,0.9756,10.045,3043.964,0.008,3054.739,1
d3dc9f58-0861-4dfd-a76b-8b1eb95be75b.jpg,palm,palm,0.8712,10.045,3043.964,0.008,3054.739,1
675a9677-6ec2-4e64-9daa-de643842253a.jpg,rock,rock,1.0000,10.046,3043.962,0.008,3054.737,1
0e58d12f-2e2b-440e-9a55-174059cbd2ad.jpg,pinkie,pinkie,0.9954,10.045,3043.964,0.008,3054.739,1
cbe107b9-9554-4e06-941a-d9eec4bc9ec6.jpg,pinkie,pinkie,1.0000,10.045,3043.964,0.008,3054.739,1
4a096fbf-30ea-48ea-801e-ad7184a3be37.jpg,rock,rock,0.6000,10.045,3043.964,0.008,3054.739,1
bf2185a5-fc6c-4734-8e6f-ac0b26b56526.jpg,palm,palm,0.9967,10.045,3043.963,0.008,3054.738,1
e2fdd05c-2878-40f8-b804-0c4ca9ef1d26.jpg,rock,rock,1.0000,10.045,3043.963,0.008,3054.738,1
d08b7f62-0695-453f-9cdb-99de34239931.jpg,one,one,0.9951,10.045,3043.963,0.008,3054.738,1
63dc28e8-6cf3-4450-a073-67f5a6d866a3.jpg,rock,rock,0.9958,10.045,3043.964,0.008,3054.740,1
5d5f6d78-e73f-47b8-a46d-a26d6a2237a8.jpg,others,one,0.9920,10.045,3043.963,0.008,3054.738,0
04fa4969-51ec-438c-bf64-d6d669303a79.jpg,one,others,0.7046,10.046,3043.964,0.008,3054.739,0
8dc6d318-650d-4a10-9bd1-cd208d38d529.jpg,pinkie,pinkie,0.9985,10.045,3043.964,0.008,3054.739,1
1f68858f-a656-4404-9484-8538d856c745.jpg,one,one,0.9993,10.045,3043.964,0.008,3054.739,1
112056da-335b-48b4-a519-57b667d218f7.jpg,others,others,0.9563,10.045,3043.964,0.008,3054.739,1
83b61943-07f6-4545-bb26-3b6a28a682e7.jpg,fist,fist,0.9999,10.045,3043.964,0.008,3054.739,1
073ca011-77a2-4de9-886a-5d638c9ee041.jpg,fist,fist,0.9330,10.045,3043.964,0.008,3054.739,1
f3e36e97-c693-4598-afb6-3276ea999377.jpg,others,fist,0.4692,10.045,3043.962,0.008,3054.738,0
c9f73946-357b-440e-abb7-cbf7b37052ad.jpg,rock,rock,0.9974,10.045,3043.963,0.008,3054.738,1
68fdc15b-4550-42b0-b390-d3517c411233.jpg,pinkie,pinkie,0.9916,10.045,3043.963,0.008,3054.738,1
c83c433a-c875-43ad-a55c-d0264f9decca.jpg,others,palm,0.7294,10.045,3043.964,0.008,3054.739,0
c03d6e4e-b291-4ac5-878b-05828a655b70.jpg,rock,others,0.4737,10.045,3043.964,0.008,3054.739,0
3f715398-5f71-4fee-8a6e-c53d2be03130.jpg,rock,rock,0.8989,10.045,3043.963,0.008,3054.739,1
699933d6-6717-4a22-98b3-3464d76245e8.jpg,pinkie,pinkie,0.6959,10.045,3043.964,0.008,3054.739,1
6e6d048a-f148-4f30-9303-01e9f2f09e28.jpg,pinkie,pinkie,0.9272,10.045,3043.962,0.008,3054.737,1
99121a9d-1138-4b4a-89d9-7d1d387929ce.jpg,others,palm,0.7878,10.045,3043.964,0.008,3054.739,0
3287092c-49bc-45ba-a109-472bd005a12f.jpg,pinkie,pinkie,1.0000,10.045,3043.964,0.008,3054.739,1
95aca096-3990-461d-9116-b2ec031879b6.jpg,pinkie,pinkie,0.9975,10.045,3043.963,0.008,3054.738,1
35cd2575-6019-48e6-a751-270cacba9512.jpg,fist,fist,0.8441,10.045,3043.963,0.008,3054.738,1
0e2b2ca7-e85b-49f5-bc86-8616e3299cca.jpg,fist,fist,0.9845,10.045,3043.964,0.008,3054.739,1
1286bbe6-651a-4bff-bb0f-0e53698552be.jpg,rock,rock,0.8425,10.045,3043.964,0.008,3054.739,1
c786775a-7d40-4d80-8446-73069e83c478.jpg,others,others,0.9711,10.045,3043.963,0.008,3054.738,1
47b0490b-3248-4777-8a69-30f0b8acdfd3.jpg,pinkie,pinkie,0.9256,10.045,3043.965,0.008,3054.740,1
bd93430e-ee9a-4ff8-aedb-cbd283f3cdd6.jpg,others,others,0.5665,10.045,3043.963,0.008,3054.738,1
c178adb5-8026-4ed6-a5b9-55aa9576ae6a.jpg,one,others,0.5317,10.045,3043.964,0.008,3054.739,0
8c07d980-74c8-4003-8ec0-8a726944f74c.jpg,one,one,0.7424,10.045,3043.963,0.008,3054.738,1
aa6c2981-0a49-4e2c-8385-dc7f34ff9283.jpg,fist,fist,0.9998,10.045,3043.963,0.008,3054.738,1
89d6ccd6-8c31-428c-841d-145f220c6cef.jpg,rock,rock,0.9995,10.045,3043.964,0.008,3054.739,1
79d8ae9a-250b-4b71-ac85-b089ef962d8f.jpg,others,others,0.6928,10.045,3043.963,0.008,3054.739,1
a5b74be2-1f91-474c-83b3-f8cb1921fbf4.jpg,rock,rock,0.9983,10.045,3043.963,0.008,3054.738,1
fad2fdd9-98b9-4395-9924-61558b40f3c9.jpg,palm,palm,0.9312,10.045,3043.962,0.008,3054.737,1
8f243fb4-414d-43f3-8ea8-7a775668b072.jpg,rock,rock,1.0000,10.045,3043.964,0.008,3054.739,1
ac0e90e7-e7d4-4642-b929-128a1693eb2b.jpg,one,one,0.7579,10.045,3043.964,0.008,3054.739,1
58ce6c8b-291e-4221-8b0c-ed754a983d95.jpg,one,one,0.8673,10.045,3043.962,0.008,3054.738,1
23ce34eb-53a4-439f-9456-616ac29b88b9.jpg,pinkie,pinkie,0.9818,10.045,3043.964,0.008,3054.739,1
43998735-4e71-4b46-a614-7b9ad03df4f3.jpg,rock,rock,0.9995,10.045,3043.964,0.008,3054.739,1
380736b9-4472-40f7-8d9d-3a84f4f0e5a2.jpg,pinkie,pinkie,1.0000,10.045,3043.965,0.008,3054.740,1
f1248d76-fa49-46e1-96b1-36ff6fb97ae9.jpg,fist,fist,0.6665,10.045,3043.964,0.008,3054.739,1
38fbe392-1c6b-4ed2-9eef-9b9e57239a65.jpg,fist,fist,0.9564,10.045,3043.964,0.008,3054.739,1
eec9bc8c-1a8f-4188-bb03-5a53085e62ab.jpg,one,others,0.6281,10.045,3043.964,0.008,3054.739,0
0e1924c7-e979-4fdf-bb48-c6a6d99e8a18.jpg,pinkie,others,0.4051,10.045,3043.964,0.008,3054.739,0
a03edad4-f406-4025-88a3-25ec676c0a9d.jpg,rock,rock,0.8253,10.045,3043.963,0.008,3054.739,1
175bc4d2-7381-4b4b-b77a-f4d60aacfbcc.jpg,one,one,0.3425,10.046,3043.964,0.008,3054.739,1
15f1de08-3472-46d9-ab2c-6b5ac4d7bc02.jpg,fist,one,0.7243,10.045,3043.964,0.008,3054.739,0
3795212e-7336-49d6-91b1-333b8e2742d3.jpg,palm,palm,0.5537,10.045,3043.962,0.008,3054.737,1
b4b85d15-4413-4661-b790-7b93e310fbcf.jpg,one,one,0.9925,10.045,3043.964,0.008,3054.739,1
6a620ac8-99c9-4801-9ced-54b0791593c5.jpg,pinkie,pinkie,0.9997,10.045,3043.964,0.008,3054.739,1
d8aded40-1680-414b-b7a9-812bbeb05da4.jpg,palm,palm,0.9863,10.045,3043.964,0.008,3054.739,1
4cc06604-26da-4ae5-bbc2-8787f239f92b.jpg,rock,rock,0.9943,10.045,3043.964,0.008,3054.740,1
649a6e53-aa7f-47da-ae79-47b3ccd5bdaf.jpg,pinkie,pinkie,0.9979,10.045,3043.963,0.008,3054.738,1
78a08cff-decb-4294-8989-f2ad3d4bb920.jpg,pinkie,pinkie,0.9991,10.045,3043.963,0.008,3054.738,1
684e31d1-79e5-4734-84a8-215f9fc963d8.jpg,fist,fist,0.9807,10.045,3043.963,0.008,3054.738,1
51be4ec3-55cf-4b56-a73e-91dc09c9e802.jpg,others,others,0.8695,10.045,3043.963,0.008,3054.739,1
d3855a37-7e13-47dc-b00c-d418cc903e51.jpg,pinkie,pinkie,0.9998,10.045,3043.963,0.008,3054.738,1
d118d3cd-2421-4bc6-93e6-00ef30c33217.jpg,others,others,0.9338,10.045,3043.963,0.008,3054.738,1
4d36febd-8e3f-40c1-9abb-f788d619853e.jpg,pinkie,pinkie,0.9995,10.045,3043.963,0.008,3054.738,1
4817ba32-aa2d-4fe0-97bb-6cc7cb08bc1e.jpg,one,one,0.5139,10.045,3043.965,0.008,3054.740,1
add5bb0b-9f64-44da-9a94-251911b63721.jpg,others,others,0.8799,10.045,3043.963,0.008,3054.739,1
7ab0b25e-33c0-488b-bb01-e7bdf347f6ce.jpg,rock,rock,1.0000,10.045,3043.962,0.008,3054.737,1
2957696a-dfce-41f0-9f2e-c21ccd926f86.jpg,palm,palm,0.7862,10.045,3043.963,0.008,3054.739,1
e6c63d16-3a3a-42ea-8719-3a3ba237c173.jpg,palm,palm,0.9758,10.045,3043.964,0.008,3054.739,1
eaf2c492-6055-46ca-9a01-e20561818fcd.jpg,palm,palm,0.9948,10.045,3043.964,0.008,3054.740,1
2a3b7974-7db9-49ae-ad87-4850b229ce04.jpg,fist,fist,0.9941,10.045,3043.963,0.008,3054.738,1
d3edef5f-4e05-4c17-8b54-7cb6b04fe1c0.jpg,one,one,0.9450,10.045,3043.963,0.008,3054.739,1
1da62575-a3a8-446e-8d35-579b2f2bec0f.jpg,palm,palm,0.9935,10.045,3043.963,0.008,3054.738,1
f83b4e01-bcce-49eb-8cac-ffc69bab8f4c.jpg,rock,rock,1.0000,10.045,3043.964,0.008,3054.739,1
7a22ddc1-aeff-48e0-9e49-a1d396232c65.jpg,one,one,0.8422,10.045,3043.963,0.008,3054.738,1
9a6dbfd6-3fe1-476d-869b-57d82cc497d2.jpg,fist,fist,0.9908,10.045,3043.964,0.008,3054.739,1
ce16e3dd-4255-4537-a315-c001965e97a2.jpg,palm,others,0.4611,10.045,3043.962,0.008,3054.737,0
9093249d-1094-4a9c-be44-5913798c95a2.jpg,fist,others,0.2374,10.045,3043.964,0.007,3054.738,0
c3e54a4b-f0da-44cd-8da0-da20d3ef7dc6.jpg,palm,palm,0.9627,10.045,3043.963,0.008,3054.739,1
b1c5898c-4e2e-4989-bd86-63a173b4ec2c.jpg,fist,fist,0.5539,10.045,3043.964,0.008,3054.739,1
3e644c71-7bda-41e2-a61b-1e65a706fc43.jpg,pinkie,pinkie,0.9985,10.045,3043.965,0.008,3054.740,1
a770f398-5d46-4bc8-9e42-33f000d9e217.jpg,rock,rock,0.2289,10.045,3043.964,0.007,3054.738,1
4ac265c8-e834-4b07-b53c-bba0584cf6fe.jpg,palm,palm,1.0000,10.045,3043.964,0.008,3054.739,1
cab654f2-2f7c-4e4f-ac9e-a3e44aafa233.jpg,one,one,0.9996,10.045,3043.963,0.008,3054.738,1
4b80d9ca-292c-4045-9c84-b0f3b4c16a22.jpg,palm,palm,1.0000,10.045,3043.964,0.008,3054.739,1
f3355598-8ce5-4d07-a67b-fb5e56812ef1.jpg,palm,others,0.3820,10.045,3043.964,0.008,3054.739,0
3287092c-49bc-45ba-a109-472bd005a12f.jpg,pinkie,pinkie,1.0000,10.045,3043.963,0.008,3054.738,1
a2076113-18d3-46a6-b51c-53496e8bdfce.jpg,others,others,0.9764,10.045,3043.964,0.008,3054.739,1
8731f792-b42a-4e9e-8095-947354f09c53.jpg,rock,rock,1.0000,10.045,3043.964,0.008,3054.739,1
432dec09-a83f-4408-b72d-213de93e5f65.jpg,one,others,0.5336,10.045,3043.965,0.008,3054.740,0
6b91629e-d326-4de5-92e5-3a31f990e186.jpg,palm,palm,1.0000,10.045,3043.964,0.008,3054.740,1
c0da9f14-57e6-4550-a40f-7bfdb31084e5.jpg,pinkie,pinkie,0.9869,10.045,3043.963,0.008,3054.738,1
0cd5f5c0-c27e-4f2b-bcfc-cd184a746b61.jpg,one,one,0.8260,10.045,3043.964,0.008,3054.739,1
f5e5bcea-a448-4511-85a3-b3841f39ece8.jpg,one,one,0.6999,10.045,3043.963,0.008,3054.738,1
0f44c258-9208-471d-8cb6-c4a27ec465be.jpg,pinkie,pinkie,0.7827,10.045,3043.963,0.008,3054.738,1
7d0893b5-4500-462e-b644-4b098eded300.jpg,one,one,0.3772,10.045,3043.964,0.008,3054.739,1
272910f8-136c-46d8-b118-a9df968c2305.jpg,palm,palm,0.9996,10.045,3043.965,0.008,3054.741,1
d71b6a78-4a95-40a0-93a5-ea815cf2758a.jpg,one,others,0.2992,10.045,3043.962,0.007,3054.737,0
8ab773f7-d941-40d4-be3d-6e711f9f788b.jpg,one,pinkie,0.4949,10.045,3043.963,0.008,3054.738,0
94397c35-5b93-41a5-bfd8-dfed4913bcdc.jpg,rock,rock,0.9979,10.045,3043.964,0.008,3054.739,1
a41b8cfa-022c-4eb9-ad5b-77afb6aa8c8c.jpg,fist,fist,0.9999,10.045,3043.963,0.008,3054.739,1
9572257c-a7f8-4165-8f51-634b146f9bff.jpg,pinkie,pinkie,0.9487,10.045,3043.963,0.008,3054.738,1
1286bbe6-651a-4bff-bb0f-0e53698552be.jpg,rock,rock,0.8425,10.045,3043.963,0.008,3054.738,1
53a3e610-4769-437a-9463-aad9887e4e5a.jpg,palm,palm,1.0000,10.045,3043.964,0.008,3054.739,1
1ffc0510-0697-43b5-a226-66b17a8f3810.jpg,one,one,0.9642,10.045,3043.964,0.008,3054.739,1
a5f265a3-9e59-4135-b3a1-0574b356da11.jpg,others,others,0.9250,10.045,3043.964,0.008,3054.739,1
8d349996-182b-40fb-bed7-c4298a4303c5.jpg,others,others,0.6760,10.045,3043.963,0.008,3054.739,1
175bc4d2-7381-4b4b-b77a-f4d60aacfbcc.jpg,one,one,0.3425,10.045,3043.963,0.008,3054.738,1
3e69c9b7-ad17-4e8d-a32a-729466ed08dc.jpg,pinkie,pinkie,0.9994,10.045,3043.964,0.008,3054.739,1
08f47b7e-02f0-4355-881c-a5451a868c72.jpg,pinkie,pinkie,0.9601,10.045,3043.963,0.008,3054.739,1
306be257-97ef-446e-adf7-e15c23744fc7.jpg,pinkie,pinkie,1.0000,10.045,3043.964,0.008,3054.739,1
38f8b7e7-edaf-44f9-94f0-3c1368fd12c5.jpg,palm,palm,0.9996,10.045,3043.964,0.008,3054.740,1
b236ccac-c46c-41d5-8d8b-9fc784f9b21c.jpg,palm,others,0.6909,10.045,3043.963,0.008,3054.739,0
121c9687-28f2-408f-bb1a-83e0228fba9a.jpg,rock,others,0.2472,10.045,3043.964,0.007,3054.739,0
72e14599-45be-448a-a20a-3076292a0d00.jpg,fist,fist,0.9939,10.046,3043.964,0.008,3054.739,1
1e0d7bbf-301b-4362-896a-0f12d83a2b95.jpg,palm,palm,0.9943,10.045,3043.963,0.008,3054.739,1
56932769-b1a9-48cc-927a-b46231df59d4.jpg,rock,rock,0.7278,10.045,3043.964,0.008,3054.739,1
914edf2d-9a82-4434-8123-3e3ba740e5c6.jpg,others,others,0.6534,10.045,3043.963,0.008,3054.738,1
d1038233-7e05-40b4-bb51-2a6cc02fdcfd.jpg,palm,palm,0.9386,10.045,3043.964,0.008,3054.739,1
61cb9aac-3311-4e4d-813e-a9c984ebb39a.jpg,one,one,0.9899,10.045,3043.963,0.008,3054.739,1
605b89a4-97a7-4ee7-bd71-d1dd80987016.jpg,pinkie,pinkie,0.9967,10.045,3043.965,0.008,3054.740,1
dfc94142-c76c-4548-a601-08c8d2cfa10b.jpg,palm,others,0.6866,10.045,3043.963,0.008,3054.738,0
dfda9685-fea0-49a9-a325-42167c9e6c8e.jpg,fist,fist,0.9465,10.045,3043.963,0.008,3054.738,1
8b147c9c-5ca2-443d-9733-808322995e64.jpg,rock,rock,0.9999,10.045,3043.964,0.008,3054.739,1
c93aa5a8-f0f4-46e3-9f01-aaaefb0ffe7b.jpg,rock,rock,0.3457,10.045,3043.963,0.008,3054.738,1
311b5925-7408-44da-9248-b9ad98840ec4.jpg,fist,fist,0.8697,10.045,3043.963,0.008,3054.738,1
862d4660-daf4-4935-bfee-b750b90cb578.jpg,palm,palm,0.9915,10.045,3043.963,0.008,3054.738,1
bff6165d-04f7-418d-b6c0-40491c190bfe.jpg,rock,rock,0.8153,10.045,3043.963,0.008,3054.738,1
715e5ec3-7421-479b-a26c-6d6694f56d58.jpg,one,one,0.2830,10.045,3043.964,0.007,3054.739,1
4c940829-edfb-4228-8a20-3d8d10bdbefb.jpg,fist,others,0.4354,10.045,3043.963,0.008,3054.738,0
cf841d62-a908-4f56-afc4-6cd741e51c71.jpg,one,one,0.3072,10.045,3043.963,0.007,3054.738,1
78bd62c5-ea7a-498d-b64e-7908d32cd15c.jpg,palm,palm,1.0000,10.045,3043.963,0.008,3054.738,1
bb368a6d-b02e-466c-bb52-59c89c5baadb.jpg,others,others,0.7002,10.045,3043.964,0.008,3054.739,1
14c507e2-a3eb-4ea5-9bff-d3921fa3cc79.jpg,one,others,0.4594,10.045,3043.963,0.008,3054.738,0
87a4fc8f-f30f-48ab-9baa-e698d2de6c8d.jpg,pinkie,pinkie,1.0000,10.045,3043.965,0.008,3054.740,1
fddad3e6-46f8-4b54-bd53-519fc1c218c1.jpg,one,one,0.4032,10.045,3043.964,0.008,3054.739,1
be0587ef-0edc-451a-842f-e680e69f36cd.jpg,rock,rock,0.7697,10.045,3043.963,0.008,3054.739,1
1f395f0a-8003-4e75-8a68-ec8c9a315307.jpg,palm,palm,0.9994,10.045,3043.964,0.008,3054.740,1
68d9a2eb-39be-4c64-bc3a-0af7acb918ec.jpg,one,one,0.9733,10.045,3043.964,0.008,3054.739,1
3ad751ab-ee80-4417-8579-bb367ed8bb34.jpg,fist,fist,0.8035,10.045,3043.964,0.008,3054.740,1
a93b156d-e553-4a6e-8621-de2dc86c3600.jpg,rock,rock,1.0000,10.045,3043.963,0.008,3054.738,1
e1098967-08a2-402d-851b-6333fdab7e40.jpg,pinkie,pinkie,1.0000,10.045,3043.964,0.008,3054.739,1
6c09118b-2445-4020-88a7-57f7bd478507.jpg,pinkie,pinkie,0.5090,10.045,3043.964,0.008,3054.739,1
f0be4f33-3c09-456d-834a-5a07e8feea67.jpg,palm,others,0.5362,10.045,3043.964,0.008,3054.739,0
fee0d7e3-0bbf-405d-bd96-85c84f75f2b5.jpg,rock,rock,0.9680,10.045,3043.963,0.008,3054.739,1
816f8881-fc2b-4662-8225-e69bed8800f8.jpg,others,others,0.6240,10.045,3043.963,0.008,3054.738,1
c0f2b7a5-5abf-491a-9dc4-9401e05988c1.jpg,pinkie,pinkie,0.8455,10.045,3043.963,0.008,3054.738,1
8bd5cd80-5982-454a-8551-475d54d3683f.jpg,pinkie,pinkie,0.9887,10.046,3043.963,0.008,3054.738,1
532588b9-c798-423e-937a-dcda44a822dc.jpg,others,others,0.8858,10.045,3043.963,0.008,3054.738,1
f8fe2880-1095-40f8-9651-b995c3a9300e.jpg,one,one,0.9289,10.045,3043.963,0.008,3054.738,1
e1098967-08a2-402d-851b-6333fdab7e40.jpg,pinkie,pinkie,1.0000,10.045,3043.963,0.008,3054.738,1
f799fcef-d60e-4f0a-9d26-30b5630fcb02.jpg,fist,fist,0.9122,10.045,3043.962,0.008,3054.737,1
9d763e12-f6b9-479c-9c8c-9faec1720442.jpg,pinkie,pinkie,0.9709,10.045,3043.965,0.008,3054.740,1
eade7c8f-b310-4e1f-aced-f2acf7abb563.jpg,pinkie,pinkie,0.9999,10.045,3043.964,0.008,3054.739,1
2deb78fb-7c4f-4c05-bef5-a25fcc03f17c.jpg,pinkie,pinkie,1.0000,10.045,3043.963,0.008,3054.738,1
0ee46b03-b7f2-4551-8e29-c345000da380.jpg,pinkie,pinkie,0.9933,10.045,3043.964,0.008,3054.740,1
d3761dcd-1e6a-419f-bacb-822229866676.jpg,one,one,0.9964,10.045,3043.963,0.008,3054.738,1
ac95712b-4f27-4e38-830c-35c7c809d308.jpg,rock,rock,0.5910,10.045,3043.963,0.008,3054.738,1
95aca096-3990-461d-9116-b2ec031879b6.jpg,pinkie,pinkie,0.9975,10.045,3043.963,0.008,3054.738,1
9bb33376-5973-4ec0-b985-1c402030381a.jpg,rock,rock,1.0000,10.045,3043.964,0.008,3054.739,1
a613698b-ee03-4ee3-8c66-a4a55e953025.jpg,rock,rock,0.9378,10.045,3043.964,0.008,3054.739,1
e453bf11-3e2a-4929-a175-9dc71fac4e6d.jpg,others,others,0.6609,10.045,3043.964,0.008,3054.740,1
e3b1e54e-66bc-4bac-b3e5-cb984908e9ad.jpg,palm,palm,0.9988,10.045,3043.963,0.008,3054.738,1
689bd8d2-3fcf-4d82-864c-0ba70b3b2bdd.jpg,fist,fist,0.9975,10.045,3043.964,0.008,3054.740,1
7cb370e3-21fc-416b-9366-e1f95be9b720.jpg,others,others,0.4498,10.045,3043.963,0.008,3054.738,1
9bc66a4f-f7b4-4472-b4b3-01ed5aab0653.jpg,rock,rock,1.0000,10.045,3043.963,0.008,3054.738,1
8f61c0fd-2adc-42c1-a9df-779ccb904cdc.jpg,palm,palm,0.5237,10.045,3043.964,0.008,3054.739,1
022873c6-b95d-4e11-8e42-0f83289b6710.jpg,others,others,0.9502,10.045,3043.964,0.008,3054.740,1
7cb370e3-21fc-416b-9366-e1f95be9b720.jpg,others,others,0.4498,10.045,3043.962,0.008,3054.737,1
9132f049-cb81-4e60-8159-9ebc2e7426f5.jpg,others,others,0.3177,10.045,3043.963,0.007,3054.738,1
36e04660-d7e5-4ddc-90bb-2d42feba0961.jpg,others,others,0.9731,10.045,3043.963,0.008,3054.739,1
d94b8a37-a327-422a-a5ef-d54c0557c21d.jpg,rock,rock,1.0000,10.045,3043.963,0.008,3054.738,1
8e447bf8-491e-49a7-9964-a8ec274b81f7.jpg,fist,fist,0.8923,10.045,3043.964,0.008,3054.739,1
1780dc55-82e3-4cb2-af21-6e75f7beb4bc.jpg,palm,palm,0.9981,10.045,3043.963,0.008,3054.739,1
4ef0d1f6-e696-4670-85b7-06806bd85b42.jpg,rock,rock,0.9870,10.045,3043.963,0.008,3054.738,1
c08818ee-02f9-488d-8971-be4dffc48323.jpg,fist,fist,0.9998,10.045,3043.965,0.008,3054.740,1
693d2d29-6e64-4149-a54b-8cb0454d3291.jpg,pinkie,pinkie,0.5667,10.045,3043.963,0.008,3054.738,1
161b95bb-01fc-405f-9646-049babed69e0.jpg,fist,fist,0.9999,10.045,3043.964,0.008,3054.739,1
fc932495-2a90-4671-a83c-af8798fe0f33.jpg,rock,rock,0.9967,10.045,3043.964,0.008,3054.740,1
68b805f2-0693-47fb-a4de-b2d877faecce.jpg,pinkie,pinkie,0.9984,10.045,3043.964,0.008,3054.739,1
b445a444-b450-4ac4-a242-65e140a50087.jpg,one,one,0.9979,10.045,3043.964,0.008,3054.739,1
32441401-ca1d-451d-ae5c-56b4182c9692.jpg,palm,palm,0.9990,10.045,3043.963,0.008,3054.739,1
616b2fb2-1240-4fd8-bb95-ec9b0f876e8a.jpg,palm,palm,0.9926,10.045,3043.964,0.008,3054.739,1
3558cd62-db0e-4926-8c3f-856d81b3ab50.jpg,palm,palm,0.9948,10.045,3043.962,0.008,3054.737,1
bea2cd9b-e4dc-40d2-93c9-83516310a96b.jpg,others,palm,0.9948,10.045,3043.964,0.008,3054.739,0
99b344ec-25bc-46ac-82eb-c036c45d5977.jpg,others,others,0.9812,10.045,3043.962,0.008,3054.738,1
613ee020-a527-47fc-8bb2-b62f708e3969.jpg,others,others,0.7166,10.045,3043.963,0.008,3054.739,1
78cdaab6-287a-41bc-9985-0c96335efd30.jpg,others,others,0.7349,10.045,3043.964,0.008,3054.740,1
8135e5f5-a424-4db9-b52b-4e0b85adb4db.jpg,palm,palm,0.9687,10.045,3043.963,0.008,3054.738,1
36f8c9fe-4c34-461d-bdd9-9415d5782ad9.jpg,palm,palm,0.9976,10.045,3043.963,0.008,3054.738,1
a613698b-ee03-4ee3-8c66-a4a55e953025.jpg,rock,rock,0.9378,10.045,3043.964,0.008,3054.739,1
17745aea-bd17-4a96-b3d5-77007a0ef634.jpg,rock,rock,1.0000,10.045,3043.963,0.008,3054.738,1
51648f00-cbbf-4467-890f-4be147672eea.jpg,rock,rock,0.9814,10.045,3043.963,0.008,3054.739,1
e50defe9-e26c-4316-bc8b-6568bfa3b31c.jpg,others,others,0.4670,10.045,3043.964,0.008,3054.739,1
20c51bb8-47d0-452c-a4b2-fe4313594342.jpg,palm,palm,0.9970,10.045,3043.962,0.008,3054.737,1
aa32b006-4ba6-495e-97ab-e496dfb35440.jpg,others,others,0.9717,10.045,3043.964,0.008,3054.739,1
58c0d4b4-7b99-48f2-b715-e8f9a7bea7dc.jpg,others,others,0.9403,10.045,3043.963,0.008,3054.738,1
b4dbad16-6622-4c18-a7c4-7192e5409110.jpg,one,one,0.5266,10.045,3043.965,0.008,3054.740,1
6b312b49-a989-4e18-869f-1b01805c1690.jpg,others,others,0.4617,10.045,3043.963,0.008,3054.738,1
225cffd6-e3da-470c-bf16-7e070c504dc7.jpg,pinkie,pinkie,1.0000,10.045,3043.963,0.008,3054.738,1
71c8b278-12db-44b8-b094-8a403a75ba81.jpg,others,others,0.9959,10.045,3043.964,0.008,3054.739,1
7267ef92-dcbd-4d10-80a3-0355f0444970.jpg,rock,rock,0.9998,10.045,3043.963,0.008,3054.738,1
79d8ae9a-250b-4b71-ac85-b089ef962d8f.jpg,others,others,0.6928,10.045,3043.964,0.008,3054.739,1
d7fcb715-b160-4c25-8ed6-83a68ab3268e.jpg,rock,rock,1.0000,10.045,3043.964,0.008,3054.739,1
1780dc55-82e3-4cb2-af21-6e75f7beb4bc.jpg,palm,palm,0.9981,10.045,3043.962,0.008,3054.737,1
896e5482-ee7a-4cdf-88dd-7360b15c2e6a.jpg,others,others,0.9420,10.045,3043.963,0.008,3054.738,1
6a40579d-b392-4aa2-980a-e5ddcac15eba.jpg,one,one,0.9984,10.045,3043.963,0.008,3054.738,1
6dd076fc-01c5-4ce4-96cf-6802b2efdf19.jpg,palm,palm,0.9975,10.045,3043.965,0.008,3054.740,1
6597e598-6b44-4cfb-a445-c6740da4271c.jpg,rock,rock,1.0000,10.045,3043.964,0.008,3054.739,1
fa0e3563-2120-4970-b20e-a41ff3d7a8a1.jpg,palm,palm,0.9905,10.045,3043.964,0.008,3054.740,1
7adbe063-84c5-402f-b604-05862725f861.jpg,fist,fist,1.0000,10.045,3043.964,0.008,3054.739,1
99031eb1-1ce3-4178-8481-34716cfb64df.jpg,fist,fist,0.9633,10.045,3043.965,0.008,3054.740,1
36ff167a-c63a-4fdd-a1d2-6e77b34c38f2.jpg,pinkie,pinkie,1.0000,10.045,3043.964,0.008,3054.739,1
d692e586-4d3f-4172-afcc-0a57b40f05a2.jpg,rock,pinkie,0.2689,10.045,3043.964,0.007,3054.739,0
c92a98a1-08a0-4932-bc3e-4972b1500a02.jpg,one,one,0.9949,10.045,3043.963,0.008,3054.738,1
3a4cc6dc-dbb1-45cc-af98-ae856576e7ad.jpg,others,others,0.9449,10.045,3043.964,0.008,3054.739,1
a3f07232-ffeb-41bd-9407-bcfdd91ed182.jpg,palm,palm,0.9991,10.045,3043.964,0.008,3054.739,1
97b32645-9148-4c01-90b5-500d31169a88.jpg,pinkie,pinkie,1.0000,10.045,3043.964,0.008,3054.739,1
7e0260ad-97b8-446c-adf6-a3324c22069d.jpg,others,others,0.3376,10.045,3043.963,0.008,3054.738,1
8c07d980-74c8-4003-8ec0-8a726944f74c.jpg,one,one,0.7424,10.045,3043.964,0.008,3054.739,1
8a56b8dc-e949-4513-b1a2-33ec33df214f.jpg,pinkie,pinkie,0.9889,10.045,3043.963,0.008,3054.738,1
cb97b82e-d6d6-437a-9b42-037b431a616b.jpg,pinkie,pinkie,0.6550,10.045,3043.962,0.008,3054.738,1
49b38cee-e9a8-422b-8978-f338ba7f9b5a.jpg,palm,palm,0.9999,10.045,3043.963,0.008,3054.739,1
2a892b50-120c-4532-9b0e-a352c31dcebb.jpg,rock,rock,0.3412,10.045,3043.962,0.008,3054.737,1
1743698a-fb75-46d4-87d2-730f2036fb71.jpg,others,others,0.8042,10.045,3043.963,0.008,3054.738,1
1df35b27-f9f2-4e4f-8054-b6458615b15c.jpg,fist,fist,0.3793,10.045,3043.964,0.008,3054.739,1
4a5e96a6-a762-40c8-8a24-f52dc6cd1108.jpg,fist,fist,0.9899,10.045,3043.963,0.008,3054.738,1
8b650970-9431-43d9-bedf-ece483e0b7cd.jpg,palm,palm,0.9945,10.045,3043.962,0.008,3054.738,1
fddad3e6-46f8-4b54-bd53-519fc1c218c1.jpg,one,one,0.4032,10.045,3043.963,0.008,3054.738,1
c16472f6-2fd1-4b19-9864-85ddc82c32f6.jpg,others,others,0.9900,10.045,3043.963,0.008,3054.738,1
007ce0b3-e583-48f6-a3e7-ae52c1a23b51.jpg,rock,rock,0.9994,10.045,3043.965,0.008,3054.740,1
f9a9f192-4197-485e-a29c-729a861bd511.jpg,others,others,0.9844,10.045,3043.962,0.008,3054.737,1
931d09da-84c7-4d84-b634-d4c27283f5f3.jpg,palm,palm,0.9984,10.045,3043.964,0.008,3054.739,1
c4ccc3fa-9c86-44bf-ac44-3fe162e87f2a.jpg,pinkie,pinkie,0.8527,10.045,3043.963,0.008,3054.739,1
198bd0a6-f1a3-4a42-90df-510a87420f7a.jpg,pinkie,pinkie,0.6558,10.045,3043.963,0.008,3054.738,1
26ec71f6-402d-4468-9d70-2922962a9704.jpg,others,others,0.6198,10.045,3043.963,0.008,3054.738,1
b4716c29-07b9-4296-a7ce-d8a445833462.jpg,palm,palm,0.9975,10.045,3043.963,0.008,3054.738,1
db4bc744-619b-4d6a-b43f-521807a5fe18.jpg,one,others,0.2778,10.045,3043.963,0.007,3054.737,0
76176a25-ad4c-4538-afe5-9873ca37f8d4.jpg,palm,palm,0.9994,10.045,3043.964,0.008,3054.739,1
d92f7622-cd14-4643-99d1-eac109ea003b.jpg,others,others,0.6008,10.045,3043.963,0.008,3054.738,1
cf775a00-dfc6-4e93-9f0b-3ce324318933.jpg,one,one,0.7640,10.045,3043.963,0.008,3054.738,1
bb738c54-0f19-415a-8ffd-add95ae51932.jpg,others,others,0.9740,10.045,3043.964,0.008,3054.739,1
ea63cb5a-0c91-4b94-9140-55b17e8b96af.jpg,pinkie,others,0.4154,10.045,3043.963,0.008,3054.738,0
baf19fdd-a9f4-4796-80bf-3bee595bfabc.jpg,one,one,0.9757,10.045,3043.964,0.008,3054.739,1
1d159cc1-1f9b-403f-8c39-e98ece57b628.jpg,one,others,0.4149,10.045,3043.962,0.008,3054.737,0
3d771657-cdca-4f79-a308-a0bb64e6b70f.jpg,rock,rock,0.9994,10.045,3043.963,0.008,3054.739,1
f8c508a1-9e48-454c-9af6-bda1eb60e8d0.jpg,rock,rock,0.9782,10.045,3043.964,0.008,3054.739,1
931d09da-84c7-4d84-b634-d4c27283f5f3.jpg,palm,palm,0.9984,10.045,3043.965,0.008,3054.740,1
e91e9efa-7a57-419a-861f-8819b0310d68.jpg,rock,rock,1.0000,10.045,3043.964,0.008,3054.739,1
5823540a-f71d-4c7c-8371-32a4ac876f01.jpg,rock,rock,0.3561,10.045,3043.963,0.008,3054.738,1
8140c90c-6970-4d34-8c3b-14653cce8513.jpg,palm,palm,0.9992,10.045,3043.963,0.008,3054.738,1
74fa7fc8-ea91-471c-8cc1-2e437f6aa493.jpg,one,one,0.9986,10.045,3043.964,0.008,3054.739,1
9c6440a4-21d3-4526-9294-68e30d45feb0.jpg,one,one,0.9746,10.045,3043.963,0.008,3054.738,1
eff4390a-563f-4d47-958e-6d0608d76d35.jpg,pinkie,pinkie,0.5450,10.045,3043.964,0.008,3054.739,1
76176a25-ad4c-4538-afe5-9873ca37f8d4.jpg,palm,palm,0.9994,10.045,3043.964,0.008,3054.740,1
cab654f2-2f7c-4e4f-ac9e-a3e44aafa233.jpg,one,one,0.9996,10.045,3043.963,0.008,3054.738,1
1e21c0d8-e5df-42b7-b460-b56213de6f17.jpg,one,one,0.4483,10.045,3043.964,0.008,3054.739,1
944be8a5-2935-481d-b4c7-33baf152d7ed.jpg,one,one,0.9919,10.045,3043.964,0.008,3054.740,1
46799579-36f2-4e20-a3b7-6c5a0782b0cb.jpg,palm,palm,0.9810,10.045,3043.964,0.008,3054.740,1
a1af1419-dc98-4334-acf3-5edcb7abbe6f.jpg,one,one,0.9999,10.045,3043.964,0.008,3054.739,1
af67b275-989d-42c4-a7c2-c5be7fa4f2c3.jpg,one,one,0.4385,10.045,3043.963,0.008,3054.738,1
f2ec5f32-8350-4c34-b830-3fc778182ced.jpg,palm,palm,1.0000,10.045,3043.963,0.008,3054.738,1
68efc00a-874d-4d09-8987-65c6849e695b.jpg,palm,palm,0.9999,10.045,3043.963,0.008,3054.738,1
68efc00a-874d-4d09-8987-65c6849e695b.jpg,palm,palm,0.9999,10.045,3043.963,0.008,3054.738,1
d133d6d3-81cc-407d-a4f1-8b83501c6c18.jpg,rock,others,0.4571,10.045,3043.964,0.008,3054.739,0
a8eb75d2-7222-45f7-9d40-9fcbe698d21c.jpg,one,one,0.9882,10.045,3043.964,0.008,3054.740,1
af17b333-2993-42c1-a238-42ca9665daa8.jpg,others,others,0.3281,10.045,3043.963,0.008,3054.738,1
553aafeb-6af7-491b-8458-7dd954d7bfb8.jpg,palm,palm,0.8130,10.045,3043.964,0.008,3054.739,1
34ed406d-8bf1-40fd-b6ed-61617ad0cf86.jpg,pinkie,pinkie,0.9987,10.045,3043.964,0.008,3054.739,1
3393cc41-b780-44dd-8c3a-b61631c4775b.jpg,palm,palm,1.0000,10.045,3043.963,0.008,3054.739,1
53f0ce39-6ce8-461a-8028-64cba0696ba4.jpg,rock,rock,0.6991,10.045,3043.963,0.008,3054.738,1
f48f3b55-bcf7-41f9-b0a9-4e57edadfba2.jpg,rock,rock,0.4351,10.045,3043.963,0.008,3054.738,1
0095df00-c5ba-4682-b23e-dc6138ea0816.jpg,palm,palm,0.9551,10.046,3043.963,0.008,3054.738,1
6b91629e-d326-4de5-92e5-3a31f990e186.jpg,palm,palm,1.0000,10.045,3043.963,0.008,3054.738,1
39bca08f-9561-4a8a-a0fa-0a7e3f23a0a1.jpg,fist,fist,0.9980,10.045,3043.963,0.008,3054.738,1
b8708729-41df-4572-962b-0c41ff3b4c12.jpg,palm,palm,0.9429,10.045,3043.964,0.008,3054.739,1
352b62f9-9bb8-402d-8a51-eada29dc6e0c.jpg,palm,palm,0.9819,10.045,3043.964,0.008,3054.739,1
bbe1ede3-fb71-4502-abb2-918f0a396fc1.jpg,pinkie,pinkie,0.5608,10.045,3043.964,0.008,3054.739,1
e8b73a7a-b7e3-47d1-b02f-2d96474b982d.jpg,one,one,0.8295,10.045,3043.964,0.008,3054.739,1
75565469-670b-4c5b-8c79-0a09123d3baa.jpg,rock,rock,0.9807,10.045,3043.965,0.008,3054.740,1
b4a05155-8ff0-4682-8f60-0695cd835b7b.jpg,pinkie,pinkie,0.7557,10.045,3043.963,0.008,3054.739,1
463aa2dd-8ae8-4d07-af46-bbd478bb95e9.jpg,palm,palm,0.9798,10.045,3043.963,0.008,3054.739,1
da5080bc-5ce7-4c99-8389-7ff74fd2f9be.jpg,palm,palm,1.0000,10.045,3043.963,0.008,3054.739,1
b698deb4-48c0-44fb-9fb8-86c28fc9ddab.jpg,palm,palm,1.0000,10.045,3043.964,0.008,3054.739,1
84f9338e-12e7-4c7d-a5c9-9bd172e53ec1.jpg,fist,fist,0.9998,10.045,3043.962,0.008,3054.737,1
fa0e3563-2120-4970-b20e-a41ff3d7a8a1.jpg,palm,palm,0.9905,10.045,3043.963,0.008,3054.739,1
560cb002-c8b8-4c21-bcfd-bb0ed7978664.jpg,palm,palm,0.9949,10.045,3043.964,0.008,3054.739,1
c16472f6-2fd1-4b19-9864-85ddc82c32f6.jpg,others,others,0.9900,10.045,3043.963,0.008,3054.739,1
69c4fa93-ac39-499f-98ed-65c0e4e3c419.jpg,others,others,0.9576,10.045,3043.963,0.008,3054.738,1
4978d16c-c899-4a02-8d54-47389b51828d.jpg,fist,fist,0.9700,10.045,3043.963,0.008,3054.738,1
44fee035-fef2-4249-8176-41c5e7ed283b.jpg,others,others,0.4968,10.045,3043.965,0.008,3054.740,1
02bcb864-da86-453d-a126-d037b73ece7f.jpg,one,others,0.2486,10.045,3043.963,0.007,3054.737,0
4e82989f-7e6d-457c-b140-632664715182.jpg,others,others,0.9871,10.045,3043.964,0.008,3054.739,1
287bb905-ba7a-471d-8390-07f39e7e7fe6.jpg,rock,rock,1.0000,10.045,3043.964,0.008,3054.739,1
297bd05f-c34c-40b3-a7ef-be9fdb489cef.jpg,one,one,0.8820,10.045,3043.963,0.008,3054.738,1
8afb76a5-702c-42dd-be6e-9e8ee5d3afc2.jpg,one,one,0.9998,10.045,3043.964,0.008,3054.739,1
feafdfe8-bec2-428f-87e2-4f540b4eaa55.jpg,palm,palm,1.0000,10.045,3043.964,0.008,3054.739,1
85dcba9e-3dfb-4233-8d90-0d9c626c3054.jpg,pinkie,pinkie,0.9952,10.045,3043.962,0.008,3054.738,1
fd4669ae-f029-4cc8-9a8a-ba4ce949856a.jpg,fist,fist,0.9999,10.045,3043.965,0.008,3054.740,1
7899ab73-1ac8-48ee-8fd3-fb814b7e7512.jpg,pinkie,pinkie,0.7062,10.045,3043.964,0.008,3054.739,1
38b0040f-eb66-4adc-8154-799859acb466.jpg,palm,palm,1.0000,10.045,3043.963,0.008,3054.739,1
02ff916b-fc27-41df-afc1-8d5fc2879ed0.jpg,palm,palm,1.0000,10.045,3043.964,0.008,3054.739,1
ff1daf41-d5c9-4bc2-9f1c-0010e431c078.jpg,others,others,0.4508,10.045,3043.963,0.008,3054.738,1
6803843b-e90f-4d00-89d4-69848f08f741.jpg,others,pinkie,0.9068,10.045,3043.964,0.008,3054.739,0
0f5051a3-7f31-4f9e-80cb-b22b9ee1f42a.jpg,pinkie,pinkie,0.9997,10.045,3043.963,0.008,3054.738,1
ebb0d18f-20d6-4026-af6b-23b9f46292dc.jpg,fist,fist,0.6776,10.045,3043.964,0.008,3054.739,1
60ada6f7-f3f2-4e1a-bdb4-c6312d946db8.jpg,others,others,0.2530,10.045,3043.964,0.007,3054.738,1
c298172c-6a1f-48f7-af2b-e50ab4e685b3.jpg,palm,palm,0.9998,10.045,3043.963,0.008,3054.739,1
16dd2fce-2625-4a4d-a5ef-35e5ed62789a.jpg,others,others,0.9955,10.045,3043.965,0.008,3054.740,1
a3a22064-84fd-4846-8a96-3d06ad9e6c4b.jpg,one,one,0.9999,10.045,3043.964,0.008,3054.739,1
c51e03b8-9803-46f7-ac5b-7ed9be5d9ddc.jpg,rock,rock,0.9327,10.045,3043.963,0.008,3054.738,1
fc986e78-5731-4a56-b200-78280a1ea103.jpg,rock,rock,0.7019,10.045,3043.963,0.008,3054.739,1
fa82e914-3864-48ee-9ee4-648e0ce2ff0c.jpg,fist,fist,0.7670,10.045,3043.964,0.008,3054.739,1
b238e0f5-dd97-4f78-b8fb-b6dd4d4fa5ab.jpg,others,others,0.4211,10.045,3043.964,0.008,3054.739,1
0f5051a3-7f31-4f9e-80cb-b22b9ee1f42a.jpg,pinkie,pinkie,0.9997,10.045,3043.963,0.008,3054.739,1
f5b1447a-975d-47a4-9c94-aa549143da01.jpg,rock,others,0.7956,10.045,3043.963,0.008,3054.738,0
8d954828-4c3b-4691-97f8-3bff9d0acfae.jpg,one,one,0.8207,10.046,3043.964,0.008,3054.739,1
e8ed2748-e657-44b4-b9f6-2a62650ca5e5.jpg,one,one,1.0000,10.045,3043.963,0.008,3054.738,1
3886e381-1fbd-4dab-9910-55c8827cb727.jpg,fist,fist,0.9999,10.045,3043.962,0.008,3054.738,1
a5b74be2-1f91-474c-83b3-f8cb1921fbf4.jpg,rock,rock,0.9983,10.045,3043.964,0.008,3054.739,1
99016845-49cf-4464-ac3e-e748253c2e0f.jpg,one,one,0.8965,10.045,3043.963,0.008,3054.738,1
0ca49300-ca81-4f51-8ea3-4ba83e58b1db.jpg,palm,palm,1.0000,10.045,3043.963,0.008,3054.739,1
4c940829-edfb-4228-8a20-3d8d10bdbefb.jpg,fist,others,0.4354,10.045,3043.965,0.008,3054.740,0
4fd995f5-b507-4451-b1ca-e4ae010d2098.jpg,fist,fist,0.9994,10.045,3043.964,0.008,3054.739,1
5ecc2c49-7dde-47aa-8294-8176ac302dad.jpg,one,fist,0.7032,10.045,3043.964,0.008,3054.739,0
8cb3810d-1487-4367-9d7b-f122e89a9966.jpg,fist,fist,0.9979,10.045,3043.964,0.008,3054.740,1
b8c1cab1-4d7f-421c-8f88-9701115cf600.jpg,rock,rock,0.9971,10.045,3043.964,0.008,3054.739,1
b3f7734e-d3d4-4504-b480-58c8002ef4e4.jpg,others,others,0.7987,10.045,3043.963,0.008,3054.738,1
e8385ca3-654b-4623-850b-c3872927c4d6.jpg,rock,rock,0.7625,10.045,3043.964,0.008,3054.739,1
6ea572da-c04b-4836-aa75-b79ef5b59dc1.jpg,fist,fist,0.9519,10.045,3043.965,0.008,3054.740,1
2b0d2765-9aab-42b1-a73a-a06995a600a2.jpg,others,fist,0.7405,10.045,3043.964,0.008,3054.739,0
2a62dc73-0936-4a3e-9f3c-6d8aebe60c2f.jpg,fist,fist,0.2685,10.045,3043.963,0.007,3054.737,1
212b7667-2a43-48a8-8102-966a62ad56ce.jpg,fist,others,0.2400,10.045,3043.963,0.007,3054.738,0
b301681f-a2e1-45c4-bd45-30cb02984fa3.jpg,others,others,0.8536,10.045,3043.963,0.008,3054.739,1
a402f853-eb29-4e4a-8c27-3d0fbae01d4a.jpg,rock,rock,0.9999,10.045,3043.963,0.008,3054.738,1
da076a40-3f5d-4ef3-b99f-878976403d54.jpg,one,one,0.9481,10.045,3043.963,0.008,3054.738,1
be3822e7-90a5-45da-be83-69f6f18caf20.jpg,pinkie,others,0.3627,10.045,3043.962,0.008,3054.737,0
c65e62db-c22d-436e-a17f-5497d420ed73.jpg,one,one,0.5540,10.045,3043.964,0.008,3054.739,1
bdf92762-641d-42bc-8e68-46de6ebdc59e.jpg,pinkie,pinkie,1.0000,10.045,3043.964,0.008,3054.739,1
21e4b1c9-8d05-4e7c-b784-52a803f21feb.jpg,fist,fist,0.9952,10.045,3043.964,0.008,3054.739,1
e29bbd27-d9c9-4a55-b177-88f55bda0e5c.jpg,pinkie,pinkie,0.8439,10.045,3043.963,0.008,3054.738,1
b8708729-41df-4572-962b-0c41ff3b4c12.jpg,palm,palm,0.9429,10.045,3043.964,0.008,3054.740,1
97bf45fa-0b56-4405-940a-0c74177393ea.jpg,fist,fist,0.9359,10.045,3043.963,0.008,3054.739,1
a312b865-67d8-4eea-9707-e1a074b75a00.jpg,rock,rock,1.0000,10.045,3043.963,0.008,3054.739,1
8f357267-2b8f-4ff7-a2a8-668b70dfe4d2.jpg,others,others,0.8246,10.045,3043.964,0.008,3054.739,1
e8bfaaa7-86bb-4b03-8e34-dd67e4d38e0f.jpg,pinkie,pinkie,0.9997,10.045,3043.963,0.008,3054.739,1
f491e5cd-e8de-4263-9b2c-a7ea6a1f88ea.jpg,one,one,0.9996,10.045,3043.965,0.008,3054.740,1
da5080bc-5ce7-4c99-8389-7ff74fd2f9be.jpg,palm,palm,1.0000,10.045,3043.963,0.008,3054.738,1
65365590-dac4-491e-bf2e-02a452efd171.jpg,pinkie,pinkie,0.7003,10.045,3043.964,0.008,3054.739,1
1941051e-04f7-45fa-8804-3f228ec1e34a.jpg,rock,rock,1.0000,10.045,3043.964,0.008,3054.739,1
a66f68d0-f6f3-45bb-82e8-32591c7a8971.jpg,others,pinkie,0.8379,10.045,3043.964,0.008,3054.739,0
2f0719f0-c8fa-4f8c-a9cd-f3e9d79628a9.jpg,fist,fist,0.9205,10.045,3043.964,0.008,3054.739,1
eaa8854a-fe9d-4417-ac1a-7e397773625f.jpg,pinkie,pinkie,0.9998,10.045,3043.963,0.008,3054.738,1
7112ffc9-09d5-4bce-9549-9bc72db94db5.jpg,one,others,0.3592,10.045,3043.963,0.008,3054.738,0
b3f65b11-9979-467d-9f40-f781ed3d787e.jpg,pinkie,pinkie,0.9745,10.045,3043.963,0.008,3054.738,1
2d591195-4b4b-4c8b-a089-68df707d5737.jpg,fist,fist,0.5704,10.045,3043.964,0.008,3054.739,1
3476160f-f3eb-497b-ba36-0e2035d51565.jpg,fist,fist,0.9996,10.045,3043.963,0.008,3054.738,1
aa0f7318-c071-4b7a-b260-a2cc54c4e243.jpg,pinkie,pinkie,1.0000,10.045,3043.963,0.008,3054.738,1
f0327241-b7e3-43aa-8505-23cfcd379abb.jpg,others,others,0.7192,10.045,3043.964,0.008,3054.739,1
1e21c0d8-e5df-42b7-b460-b56213de6f17.jpg,one,one,0.4483,10.045,3043.963,0.008,3054.738,1
1e21c0d8-e5df-42b7-b460-b56213de6f17.jpg,one,one,0.4483,10.045,3043.963,0.008,3054.737,1
0bd3c97f-be16-409a-97a2-879561402bf2.jpg,pinkie,pinkie,0.9959,10.045,3043.964,0.008,3054.739,1
db937a33-9b8d-4c08-bd15-32a6ed5d9947.jpg,pinkie,pinkie,1.0000,10.045,3043.963,0.008,3054.738,1
4cf8f235-3618-4af7-9108-aa6938f5b0e5.jpg,one,others,0.2581,10.045,3043.963,0.007,3054.737,0
95fb4e20-e3eb-4c47-8e54-9638245eb9e6.jpg,rock,rock,0.5892,10.045,3043.964,0.008,3054.739,1
2d3d3f00-5d9c-407e-8ee6-b51d10ff8dc6.jpg,rock,rock,1.0000,10.045,3043.963,0.008,3054.738,1
5e290a60-7ba7-465c-9f3e-85e7cbed6ec2.jpg,others,others,0.7856,10.045,3043.962,0.008,3054.737,1
c7becda3-1c39-4472-9ed0-fb1cdaff99c0.jpg,palm,palm,0.9899,10.045,3043.963,0.008,3054.739,1
179c1a17-5f1f-4ad1-a204-1d2f11e22a81.jpg,pinkie,pinkie,0.9871,10.045,3043.963,0.008,3054.739,1
6add92e3-dde9-437b-9b23-45ad6416d1d5.jpg,others,others,0.9580,10.045,3043.965,0.008,3054.740,1
e6cdc443-8cfb-4927-a0fc-395ad293125a.jpg,one,rock,0.5255,10.045,3043.965,0.008,3054.740,0
347295a6-4d04-4396-b15d-62b975ae1cef.jpg,palm,palm,1.0000,10.045,3043.963,0.008,3054.738,1
f445d5ef-bc0f-4e75-be41-23f984eb2f9c.jpg,others,others,0.3296,10.045,3043.964,0.008,3054.739,1
1d0bef49-e764-4c12-bd82-d299ff318dea.jpg,pinkie,pinkie,0.9998,10.045,3043.964,0.008,3054.740,1
53a3e610-4769-437a-9463-aad9887e4e5a.jpg,palm,palm,1.0000,10.045,3043.963,0.008,3054.738,1
2f3bfcee-1dc3-4aca-b77d-4f55c2110c44.jpg,palm,palm,0.9999,10.045,3043.964,0.008,3054.739,1
d7771f93-1038-4a26-92c7-7d1b269ed9b8.jpg,one,one,0.9952,10.045,3043.964,0.008,3054.739,1
ea072966-958c-4347-bbd7-d5f1a9f9c0d0.jpg,palm,palm,0.9999,10.045,3043.963,0.008,3054.738,1
fea4d8f2-68e0-4ee9-87ee-50eba30ad513.jpg,others,others,0.9986,10.045,3043.963,0.008,3054.739,1
cb97b82e-d6d6-437a-9b42-037b431a616b.jpg,pinkie,pinkie,0.6550,10.045,3043.964,0.008,3054.740,1
becfdfb0-f047-452f-8900-2933ebb037c4.jpg,one,one,0.6740,10.045,3043.964,0.008,3054.739,1
e6999f03-5aec-44ee-ad42-5968797d2f5b.jpg,rock,rock,0.9997,10.045,3043.963,0.008,3054.738,1
3d4be506-e4e4-4d12-a86d-d35187fa900a.jpg,one,fist,0.2370,10.045,3043.963,0.007,3054.738,0
15fafcaf-9b55-4771-9a9e-eb30d71b0481.jpg,one,one,0.9988,10.045,3043.965,0.008,3054.740,1
90e873cd-aa51-4a75-b4fe-369072d05e42.jpg,fist,fist,0.9876,10.045,3043.964,0.008,3054.739,1
3855fa6f-35d6-4352-8a8c-28762b7bac2a.jpg,others,others,0.9456,10.045,3043.964,0.008,3054.739,1
837ad1f2-c211-4877-aac9-bcf00431f932.jpg,fist,fist,1.0000,10.045,3043.964,0.008,3054.739,1
c552dccd-9acb-440d-9667-caff16683e5d.jpg,pinkie,pinkie,1.0000,10.045,3043.963,0.008,3054.738,1
9234bfa8-3578-46a8-8a84-654953c9005e.jpg,palm,palm,0.9999,10.045,3043.964,0.008,3054.739,1
4d533296-43b3-43d6-bffb-ef4a0eb5b4d9.jpg,fist,others,0.2297,10.045,3043.963,0.007,3054.738,0
dd778ba0-5ab0-4b6f-ad42-74128c986057.jpg,pinkie,pinkie,0.9986,10.045,3043.963,0.008,3054.738,1
0cf8a7f2-d6cc-4019-a16e-2f0396ab9d3c.jpg,palm,palm,0.9982,10.045,3043.963,0.008,3054.739,1
34a948ae-6850-4d35-915d-3c3e72df4858.jpg,fist,fist,0.9791,10.045,3043.964,0.008,3054.739,1
d37e07b6-0d22-4c37-a4c8-8324d52c28e2.jpg,others,others,0.4849,10.045,3043.963,0.008,3054.739,1
dc60616b-948f-4e0e-bab6-5363e330fa1a.jpg,rock,others,0.4243,10.045,3043.964,0.008,3054.739,0
2eb9e08d-462d-4c90-97ca-3519026d289c.jpg,others,others,0.6052,10.045,3043.963,0.008,3054.738,1
c621397e-b549-439a-b4a8-e03123c39a19.jpg,others,others,0.4389,10.045,3043.964,0.008,3054.739,1
66e46ea1-9012-485a-ad4e-5afb5b8c56fd.jpg,pinkie,pinkie,1.0000,10.045,3043.965,0.008,3054.740,1
38db725d-20cd-466a-af2a-3ac012a0646e.jpg,rock,rock,0.9999,10.045,3043.963,0.008,3054.738,1
94397c35-5b93-41a5-bfd8-dfed4913bcdc.jpg,rock,rock,0.9979,10.045,3043.964,0.008,3054.739,1
88d4af90-8ba7-4c61-96e7-dfdd64a462ea.jpg,rock,rock,0.9983,10.045,3043.965,0.008,3054.740,1
e8c03f0d-a626-4a52-ad0d-de214f38554e.jpg,others,palm,0.8314,10.045,3043.965,0.008,3054.740,0
03d03cf4-3b04-4e02-b94f-dd6a4fffcbec.jpg,fist,fist,0.9961,10.045,3043.963,0.008,3054.738,1
25d173c8-8d5c-4b51-8a99-e29529c383a6.jpg,rock,rock,0.9609,10.045,3043.963,0.008,3054.739,1
84fade14-8f62-4525-a7c5-401f2e07fb43.jpg,fist,fist,0.4506,10.045,3043.964,0.008,3054.739,1
4806b0c4-004f-45df-8820-2059949cb8fe.jpg,pinkie,pinkie,0.7334,10.045,3043.963,0.008,3054.738,1
9f446006-5e71-48d8-baab-e7295a29cfde.jpg,others,others,0.5157,10.045,3043.964,0.008,3054.739,1
2cd78633-e779-4359-9027-070b9a3f6f67.jpg,rock,rock,0.9908,10.045,3043.964,0.008,3054.739,1
f1b2f495-a42c-44c3-836b-208e86e07b99.jpg,fist,fist,0.9989,10.045,3043.963,0.008,3054.738,1
977a1dbd-6fe7-464b-98dc-2e0902f1d4e3.jpg,one,one,0.9996,10.046,3043.964,0.008,3054.739,1
30a41d02-2c4b-4eb1-bb32-e0c3c56f5941.jpg,fist,fist,0.9994,10.045,3043.964,0.008,3054.739,1
2a62dc73-0936-4a3e-9f3c-6d8aebe60c2f.jpg,fist,fist,0.2685,10.045,3043.964,0.007,3054.738,1
5820eb34-e075-4e66-827d-af52a865d900.jpg,palm,palm,0.9498,10.045,3043.963,0.008,3054.738,1
297bd05f-c34c-40b3-a7ef-be9fdb489cef.jpg,one,one,0.8820,10.045,3043.963,0.008,3054.738,1
1eac3e94-8fe0-4d2f-b041-5d0ed02a6d00.jpg,pinkie,pinkie,0.9961,10.045,3043.964,0.008,3054.739,1
80bd8bcb-a67c-4a4a-a614-1e44018aab66.jpg,rock,rock,0.9665,10.045,3043.962,0.008,3054.737,1
3a18ebd3-f34f-44ee-a2a0-6de7f50bdf6b.jpg,rock,rock,0.9999,10.045,3043.962,0.008,3054.737,1
31b9c5dd-2664-46e9-ba96-ebd7cb6375d7.jpg,rock,rock,0.4797,10.045,3043.963,0.008,3054.738,1
1a88edf9-832f-4e8d-a9ee-73739543a265.jpg,palm,palm,1.0000,10.045,3043.963,0.008,3054.739,1
a6a6866f-1895-453d-8b5a-44f5620bf666.jpg,pinkie,pinkie,0.6105,10.045,3043.963,0.008,3054.739,1
1725e392-7ec0-4eb3-af2d-e179c215b930.jpg,fist,fist,0.9902,10.045,3043.963,0.008,3054.738,1
b445a444-b450-4ac4-a242-65e140a50087.jpg,one,one,0.9979,10.045,3043.964,0.008,3054.739,1
8513816f-52e6-48b8-8128-bcb368fd0bcb.jpg,others,others,0.8825,10.045,3043.963,0.008,3054.738,1
0ca49300-ca81-4f51-8ea3-4ba83e58b1db.jpg,palm,palm,1.0000,10.045,3043.964,0.008,3054.739,1
bb3a0e0b-5f74-4060-ba2d-16517c6a8627.jpg,fist,fist,0.9758,10.045,3043.963,0.008,3054.739,1
1f546ec9-9725-420c-918c-3e4e09e390c9.jpg,pinkie,pinkie,0.9999,10.045,3043.965,0.008,3054.740,1
dcfb6ce7-ac3c-4bd2-92a7-a3ff38043a0c.jpg,one,one,0.9970,10.045,3043.965,0.008,3054.740,1
5c122056-94c1-4dd0-857f-d08984f634be.jpg,others,others,0.9970,10.045,3043.964,0.008,3054.739,1
e56372c3-bd08-478f-a682-19e6a6cb7d19.jpg,palm,palm,0.9993,10.045,3043.962,0.008,3054.738,1
93c63f25-31d1-45dd-93de-e14cee488cfe.jpg,pinkie,pinkie,0.8865,10.045,3043.964,0.008,3054.739,1
0bc82e2c-7724-4f6f-9a10-a29ba28c7b85.jpg,palm,palm,1.0000,10.045,3043.963,0.008,3054.738,1
bd4e1342-5206-4abc-85c9-4fbbcab35f4e.jpg,pinkie,pinkie,0.2600,10.045,3043.963,0.007,3054.737,1
43ba1725-4eb0-4fb8-b7d0-3ae3c0b9a454.jpg,others,others,0.9992,10.045,3043.963,0.008,3054.738,1
49ced89c-22ae-41ad-b1bd-2994794177c8.jpg,others,others,0.7934,10.045,3043.962,0.008,3054.737,1
2bed770d-4b46-4514-984e-dd68e3dd2761.jpg,palm,palm,1.0000,10.045,3043.964,0.008,3054.739,1
1b6bf710-51d3-4e04-8447-6e8fa775bb59.jpg,palm,palm,0.9997,10.045,3043.964,0.008,3054.739,1
8fc49e9e-de24-4408-b28f-481d1128df4a.jpg,one,others,0.3093,10.045,3043.963,0.008,3054.738,0
d035452b-4d48-4a1f-82d9-3aa4956b46a0.jpg,pinkie,pinkie,1.0000,10.045,3043.964,0.008,3054.739,1
73e2aa83-8240-4b1a-abb7-08bb56169396.jpg,pinkie,pinkie,0.9969,10.045,3043.963,0.008,3054.739,1
23b44304-e372-4449-a425-21e71f197329.jpg,one,one,0.9972,10.045,3043.963,0.008,3054.738,1
e3b504c2-acb6-46c0-933b-0ad652383232.jpg,rock,rock,0.8723,10.045,3043.964,0.008,3054.740,1
6197c018-e697-43e8-ba73-f4c26ae15c26.jpg,pinkie,pinkie,1.0000,10.045,3043.963,0.008,3054.738,1
d71e9853-2739-43c0-8bcd-2a35896e8d5f.jpg,pinkie,pinkie,0.9372,10.045,3043.963,0.008,3054.738,1
e5ff5d9b-831c-4a38-9827-8bdd4ba5789d.jpg,palm,palm,0.9960,10.045,3043.964,0.008,3054.740,1
26029fee-1fea-4022-a6eb-8374ec97ed48.jpg,others,palm,0.9888,10.045,3043.964,0.008,3054.739,0
a41bd61d-ccca-4922-b710-1d8c7cc2adc7.jpg,others,palm,0.7815,10.045,3043.963,0.008,3054.739,0
0d6ce2e7-789a-4063-8ae0-e4b99c056ca1.jpg,one,one,0.9963,10.045,3043.965,0.008,3054.740,1
d228f7ab-9c05-45d6-abb6-04bbc4b641c5.jpg,pinkie,pinkie,0.9854,10.045,3043.964,0.008,3054.739,1
3b431564-7afc-48a8-ad3c-d05c25ddedb1.jpg,palm,palm,0.9999,10.045,3043.964,0.008,3054.739,1
490296eb-b5ea-4d02-9624-c5686070f0c1.jpg,pinkie,pinkie,0.9985,10.045,3043.963,0.008,3054.738,1
dae776bf-5a81-4081-a997-1553683295a4.jpg,others,others,0.5940,10.045,3043.965,0.008,3054.740,1
d89cec42-bb42-410b-b75a-fc6ff24ccec9.jpg,one,one,0.3066,10.045,3043.964,0.007,3054.739,1
eaa8854a-fe9d-4417-ac1a-7e397773625f.jpg,pinkie,pinkie,0.9998,10.045,3043.965,0.008,3054.740,1
ce045dc2-ef16-4cbe-8f64-61c8a08658aa.jpg,others,others,0.9754,10.045,3043.964,0.008,3054.740,1
6efbf523-3387-4b5a-a8d7-43962107712e.jpg,others,others,0.7731,10.045,3043.963,0.008,3054.738,1
49325e71-931a-4c92-b470-188ab50db2ea.jpg,pinkie,pinkie,0.9790,10.045,3043.963,0.008,3054.738,1
9714a192-2af5-498e-96e0-e5e72d591dfc.jpg,one,others,0.3416,10.045,3043.962,0.008,3054.737,0
4aa2f6b2-42d5-4d46-9963-2e2c8a073284.jpg,fist,fist,0.9995,10.045,3043.964,0.008,3054.739,1
9bb33376-5973-4ec0-b985-1c402030381a.jpg,rock,rock,1.0000,10.045,3043.964,0.008,3054.739,1
3fba28c2-7d6c-423c-942c-76d9109d0bcd.jpg,fist,fist,0.9999,10.045,3043.963,0.008,3054.739,1
44dabae9-4ed8-4c05-a0fa-a298fe82a5d6.jpg,one,one,0.8035,10.045,3043.964,0.008,3054.739,1
2e774f14-45c3-406d-932a-dbfce26279ac.jpg,rock,rock,1.0000,10.045,3043.963,0.008,3054.738,1
aa9cc029-a1f4-48b9-ab6e-5e60114948a1.jpg,others,others,0.9985,10.045,3043.963,0.008,3054.738,1
d1915578-d3c3-42ea-93e0-dff8c2d6a2ad.jpg,one,one,0.9880,10.045,3043.964,0.008,3054.739,1
3795212e-7336-49d6-91b1-333b8e2742d3.jpg,palm,palm,0.5537,10.045,3043.963,0.008,3054.739,1
c32d7bfa-c71f-493a-b12d-7e41b4ff2869.jpg,palm,palm,0.9997,10.045,3043.963,0.008,3054.739,1
f259ecd3-303a-408f-9f84-8b1264b4059e.jpg,one,others,0.2634,10.045,3043.964,0.007,3054.738,0
1740b823-0094-4737-9d82-d6550e7be895.jpg,pinkie,fist,0.3705,10.045,3043.964,0.008,3054.739,0
d92914d6-77d9-4676-81e4-586f9dc6940f.jpg,rock,rock,0.9990,10.045,3043.962,0.008,3054.738,1
ebb0d18f-20d6-4026-af6b-23b9f46292dc.jpg,fist,fist,0.6776,10.046,3043.963,0.008,3054.738,1
ab9f5604-b602-47cc-b232-3341688bd1a7.jpg,palm,palm,0.9983,10.045,3043.963,0.008,3054.738,1
6fcd400e-fded-42b1-aaf4-0b72efa55c8e.jpg,rock,rock,1.0000,10.045,3043.963,0.008,3054.738,1
1e21c0d8-e5df-42b7-b460-b56213de6f17.jpg,one,one,0.4483,10.045,3043.963,0.008,3054.739,1
bb3a0e0b-5f74-4060-ba2d-16517c6a8627.jpg,fist,fist,0.9758,10.045,3043.963,0.008,3054.739,1
c7007053-cf9b-4289-bb54-f115535c16fe.jpg,pinkie,pinkie,0.9974,10.045,3043.963,0.008,3054.738,1
613ee020-a527-47fc-8bb2-b62f708e3969.jpg,others,others,0.7166,10.045,3043.963,0.008,3054.738,1
f15e621c-ffec-499d-9fd4-47140df60e99.jpg,one,one,0.9904,10.045,3043.964,0.008,3054.740,1
4993b584-5079-4457-bc1a-89cc4f262e42.jpg,others,others,0.5000,10.045,3043.964,0.008,3054.739,1
ad1f1b29-a55c-4464-8e71-369520b385fe.jpg,rock,rock,0.8719,10.045,3043.963,0.008,3054.738,1
996cc57c-bd91-4b2a-9014-7cc1ca7b7f6e.jpg,one,one,1.0000,10.045,3043.963,0.008,3054.739,1
e9d231ce-ee84-4a63-be15-877994efb441.jpg,rock,rock,0.7924,10.045,3043.963,0.008,3054.738,1
2c827185-6dbc-43da-a2c8-8734e68ee078.jpg,fist,fist,0.9907,10.045,3043.964,0.008,3054.739,1
8a618aa3-944d-4250-9ea8-5f30ac484115.jpg,others,others,0.9994,10.045,3043.963,0.008,3054.738,1
d71e9853-2739-43c0-8bcd-2a35896e8d5f.jpg,pinkie,pinkie,0.9372,10.045,3043.964,0.008,3054.739,1
d9ebe293-8a46-41df-98ef-6ecc3ab9970f.jpg,rock,rock,1.0000,10.045,3043.964,0.008,3054.739,1
9fec7a58-8c90-4de9-a19a-bf024f19b35f.jpg,fist,fist,0.9868,10.045,3043.963,0.008,3054.738,1
e3f8da4f-c27b-4401-9c4f-2229c3d5eccb.jpg,fist,fist,1.0000,10.045,3043.964,0.008,3054.739,1
e0b1803f-20b3-44dd-8cb8-2e7603ef9812.jpg,others,others,0.9647,10.045,3043.963,0.008,3054.738,1
80c10b09-941d-40da-baa3-6233006234ea.jpg,one,one,0.7485,10.045,3043.964,0.008,3054.739,1
fff7fe9f-e67a-413a-bf6a-47dd67e363b3.jpg,one,one,0.9840,10.045,3043.964,0.008,3054.739,1
98b5b004-8d11-4e12-a430-e146b0996db1.jpg,one,one,0.6521,10.045,3043.964,0.008,3054.739,1
921fea21-deba-4200-8b90-3f17e1d65988.jpg,others,others,0.5935,10.045,3043.963,0.008,3054.738,1
55310671-8fdf-4b83-bf1b-48e6c26cb767.jpg,rock,others,0.4061,10.045,3043.963,0.008,3054.738,0
409c55b0-4b23-4d11-9f31-b94bfe58b67b.jpg,palm,palm,0.9994,10.045,3043.963,0.008,3054.739,1
dc60616b-948f-4e0e-bab6-5363e330fa1a.jpg,rock,others,0.4243,10.045,3043.963,0.008,3054.737,0
5395feab-8c1d-4788-916f-9777bb70527c.jpg,fist,fist,0.9912,10.045,3043.964,0.008,3054.739,1
121c9687-28f2-408f-bb1a-83e0228fba9a.jpg,rock,others,0.2472,10.045,3043.964,0.007,3054.739,0
fb10dfbe-b1f1-4490-9c88-a8cc34bb5bb5.jpg,rock,rock,0.9999,10.045,3043.963,0.008,3054.739,1
f3355598-8ce5-4d07-a67b-fb5e56812ef1.jpg,palm,others,0.3820,10.045,3043.964,0.008,3054.739,0
78bd62c5-ea7a-498d-b64e-7908d32cd15c.jpg,palm,palm,1.0000,10.045,3043.963,0.008,3054.738,1
bd7399b8-f495-4b58-b004-4c15fdbe473f.jpg,rock,one,0.7739,10.045,3043.964,0.008,3054.740,0
3f368ef4-3e9e-4947-8154-938a9f89cecb.jpg,palm,others,0.6320,10.045,3043.963,0.008,3054.738,0
52afc367-f44c-467f-aca3-1aca45951482.jpg,fist,fist,0.4386,10.045,3043.964,0.008,3054.739,1
fd48b87f-9801-4262-9950-32ac7e7edc7b.jpg,fist,fist,0.9442,10.045,3043.963,0.008,3054.739,1
9c91e6af-2ee0-4fc8-a071-0b45ccb986e1.jpg,one,one,0.8534,10.045,3043.962,0.008,3054.737,1
f7f07044-b0c8-42a3-addd-5e4eb8f7f655.jpg,pinkie,pinkie,0.7462,10.045,3043.964,0.008,3054.739,1
7b9eb364-c9ea-46e2-afeb-ce48484e2b49.jpg,rock,rock,0.9992,10.045,3043.964,0.008,3054.739,1
024018da-fdc1-461e-8edc-7925c5e59a68.jpg,fist,others,0.2244,10.045,3043.964,0.007,3054.739,0
bb3a0e0b-5f74-4060-ba2d-16517c6a8627.jpg,fist,fist,0.9758,10.045,3043.963,0.008,3054.738,1
2a2aab1d-4e23-4318-a105-5df4290dbfad.jpg,fist,fist,1.0000,10.045,3043.963,0.008,3054.738,1
905ddbb1-d33c-477b-8fa8-1912adb60ecf.jpg,rock,rock,1.0000,10.045,3043.964,0.008,3054.739,1
8b147c9c-5ca2-443d-9733-808322995e64.jpg,rock,rock,0.9999,10.045,3043.964,0.008,3054.740,1
3ea0819e-5d92-4b5f-bf8c-48de1ed2d295.jpg,one,others,0.5258,10.045,3043.963,0.008,3054.739,0
4312ae4a-a0df-489a-8d6d-2a148f807ab0.jpg,rock,rock,0.9777,10.045,3043.964,0.008,3054.739,1
48e3a85a-8998-46e4-9bd4-33c8ca90e8c0.jpg,fist,fist,0.9423,10.045,3043.963,0.008,3054.738,1
d7f6540b-d05d-4317-a20c-9e16cc547142.jpg,rock,rock,1.0000,10.045,3043.964,0.008,3054.739,1
bf13c23e-16f9-4ea8-8e8d-cfde5ffd2380.jpg,rock,rock,0.7521,10.045,3043.963,0.008,3054.739,1
6fde677d-4e6d-4a50-ad57-8c53e4d2a431.jpg,rock,rock,0.9994,10.045,3043.962,0.008,3054.737,1
e5ee93d0-33f9-4fa9-964c-6a6bdfbd4ee1.jpg,one,one,0.9374,10.045,3043.964,0.008,3054.740,1
520faa8f-d84b-48d7-985d-bae0e52b9ec7.jpg,rock,rock,0.5712,10.045,3043.963,0.008,3054.738,1
68efc00a-874d-4d09-8987-65c6849e695b.jpg,palm,palm,0.9999,10.045,3043.963,0.008,3054.738,1
a3002515-432e-4e7c-aebe-f429e2599e10.jpg,one,one,0.9970,10.045,3043.964,0.008,3054.739,1
a0568303-4e2d-47f3-add7-7514c94e704a.jpg,pinkie,pinkie,0.9744,10.045,3043.964,0.008,3054.739,1
2c0b5094-e578-4c5b-81fd-b7bfe0f90d89.jpg,pinkie,pinkie,0.9989,10.045,3043.965,0.008,3054.740,1
8135e5f5-a424-4db9-b52b-4e0b85adb4db.jpg,palm,palm,0.9687,10.045,3043.964,0.008,3054.739,1
545eb430-9a28-45ec-bbdd-848a85817271.jpg,one,pinkie,0.8571,10.045,3043.964,0.008,3054.739,0
47a49fab-dedc-47ac-a1f7-fd6984e2c6ac.jpg,others,others,0.9020,10.045,3043.964,0.008,3054.739,1
1cb1d59d-5c91-4215-bff6-868f0f93811f.jpg,rock,rock,0.9982,10.045,3043.963,0.008,3054.738,1
08f6fbcc-b9b7-4fd9-b63e-7427c94081f2.jpg,fist,fist,0.9999,10.045,3043.962,0.008,3054.738,1
7e35b3a4-a1c0-4120-9614-24e58a4a9e53.jpg,palm,palm,0.9974,10.045,3043.963,0.008,3054.738,1
8f112f86-14a0-4fea-94a1-daac69325a7b.jpg,others,others,0.9999,10.045,3043.963,0.008,3054.739,1
ea5f13d5-957a-45b1-aab4-f376e8d6afbb.jpg,pinkie,pinkie,0.9998,10.045,3043.963,0.008,3054.738,1
7e2400b1-ce1b-457b-9daf-b00b85035846.jpg,fist,fist,0.7181,10.045,3043.963,0.008,3054.738,1
3007f0e2-8535-4085-bd82-f9d7aaab66a5.jpg,one,one,0.9740,10.045,3043.963,0.008,3054.738,1
a48b6234-0e75-47a4-9d3c-47340d0bf60f.jpg,rock,rock,0.9940,10.045,3043.963,0.008,3054.739,1
8911b799-e566-4b71-9506-def05c1ce008.jpg,others,others,0.7739,10.045,3043.963,0.008,3054.738,1
6a6d6e13-77bc-4107-8883-66b8319d700e.jpg,fist,fist,0.9498,10.045,3043.963,0.008,3054.739,1
a7c88175-d3ad-4f6e-a062-2e197cbe4996.jpg,palm,others,0.6146,10.045,3043.963,0.008,3054.739,0
4d1ff8af-8b27-4be4-8972-77bdb268a184.jpg,one,one,0.9643,10.045,3043.963,0.008,3054.738,1
040b70b4-0d30-44b4-9ef2-4e1e14ddc7c7.jpg,one,one,0.9434,10.045,3043.963,0.008,3054.738,1
bf0742f0-358a-4cab-b062-d7c0f9317cb5.jpg,one,one,0.6718,10.045,3043.964,0.008,3054.739,1
aed8f158-2be8-4651-90a9-07fb09bfb524.jpg,others,others,0.9999,10.045,3043.963,0.008,3054.738,1
7f58acf1-3fc3-45e1-bc54-401bf1c13995.jpg,pinkie,pinkie,0.9998,10.045,3043.964,0.008,3054.739,1
710625b7-c29b-4a7f-b934-6d9f2a49913b.jpg,fist,fist,0.9922,10.045,3043.963,0.008,3054.738,1
83a5398b-3f0c-4858-9a84-0e692db6b1ce.jpg,rock,rock,1.0000,10.045,3043.964,0.008,3054.739,1
ea30d608-2c89-439a-b899-106334f7e404.jpg,others,palm,0.8679,10.045,3043.964,0.008,3054.739,0
dfae76ff-1cf2-4be0-9271-080964b0aa0d.jpg,others,fist,0.2379,10.045,3043.964,0.007,3054.738,0
84fade14-8f62-4525-a7c5-401f2e07fb43.jpg,fist,fist,0.4506,10.045,3043.964,0.008,3054.739,1
8d954828-4c3b-4691-97f8-3bff9d0acfae.jpg,one,one,0.8207,10.045,3043.964,0.008,3054.739,1
3874371a-e0da-4d22-9cb3-35c693882fcd.jpg,palm,palm,0.9999,10.045,3043.964,0.008,3054.739,1
2207d2ac-583c-48c0-866d-10d7d63601c7.jpg,others,palm,0.9801,10.045,3043.963,0.008,3054.738,0
03e4185b-bb84-4e9a-be1d-5f6e4a1a2e14.jpg,fist,fist,0.7783,10.045,3043.964,0.008,3054.739,1
08ae2729-045b-44c2-b734-beff9a3ff002.jpg,others,others,0.3225,10.045,3043.963,0.008,3054.738,1
1e0d7bbf-301b-4362-896a-0f12d83a2b95.jpg,palm,palm,0.9943,10.045,3043.964,0.008,3054.739,1
03287db9-e504-4149-938b-c1864a88f1c9.jpg,rock,rock,0.9791,10.045,3043.962,0.008,3054.738,1
02f26afc-7e86-4e7b-a50f-76ccae6ccf23.jpg,others,others,0.7723,10.045,3043.964,0.008,3054.739,1
66e6afd5-a9a5-4aaa-9b6e-866726ec8da5.jpg,palm,palm,1.0000,10.045,3043.963,0.008,3054.738,1
00d34d2e-334c-4e2f-bc5b-b4914cf4f87d.jpg,rock,rock,1.0000,10.045,3043.964,0.008,3054.739,1
def9a905-129d-49b4-8c00-6c89394defb8.jpg,one,one,0.4997,10.045,3043.964,0.008,3054.739,1
c7d132ef-65de-4561-a651-3379577f2c8f.jpg,pinkie,pinkie,0.9980,10.045,3043.963,0.008,3054.738,1
2f213da7-7f87-46d8-9a40-97064667a0c6.jpg,rock,rock,0.9997,10.045,3043.963,0.008,3054.738,1
77657922-d9dc-4dbc-8fda-760704825cae.jpg,rock,rock,0.9993,10.045,3043.963,0.008,3054.739,1
903fb28a-9576-400d-a074-e754373c3879.jpg,one,fist,0.6113,10.045,3043.963,0.008,3054.738,0
161b95bb-01fc-405f-9646-049babed69e0.jpg,fist,fist,0.9999,10.045,3043.963,0.008,3054.738,1
380be232-99c4-4176-a030-34b340feca97.jpg,others,others,0.9865,10.046,3043.963,0.008,3054.738,1
3a421465-d5ad-4312-97db-185a2792b696.jpg,palm,palm,0.9963,10.045,3043.963,0.008,3054.738,1
54a9f6c9-869c-4185-9822-62971b571742.jpg,pinkie,pinkie,0.3627,10.045,3043.963,0.008,3054.738,1
fb587ee4-a571-4fa8-900c-d9b846c8861e.jpg,others,others,0.5442,10.045,3043.963,0.008,3054.738,1
4565ae46-1fff-493f-9f49-24c920e3c6f0.jpg,pinkie,pinkie,0.9975,10.045,3043.965,0.008,3054.740,1
e2fa375b-778a-413f-bd2b-ab21d1e63f1b.jpg,palm,palm,0.3664,10.045,3043.963,0.008,3054.737,1
23d8821a-479b-4b77-8fba-72dd9bbbe4c3.jpg,others,one,0.4753,10.045,3043.964,0.008,3054.739,0
8921a991-eb68-4cfd-acfd-74a35887b793.jpg,pinkie,pinkie,0.9517,10.045,3043.963,0.008,3054.739,1
e5aa436d-2a6c-4d0d-acd6-ca4f6aa62e72.jpg,one,one,0.9949,10.045,3043.965,0.008,3054.740,1
59413dcb-7286-4dc4-9d06-55fcc47a8d11.jpg,pinkie,pinkie,1.0000,10.045,3043.963,0.008,3054.738,1
9caa97e6-8501-4f61-9243-7c52eba58c51.jpg,palm,palm,0.9770,10.046,3043.963,0.008,3054.739,1
22c2e561-b3e9-4111-a483-5988d3a21cf5.jpg,fist,pinkie,0.3898,10.045,3043.964,0.008,3054.739,0
e33fa182-9fc4-4b94-9eee-a686ac5bb3c3.jpg,pinkie,pinkie,0.9627,10.045,3043.963,0.008,3054.738,1
d6cfb393-7a21-448d-82be-cf12e12cf7cb.jpg,rock,rock,0.8014,10.045,3043.962,0.008,3054.738,1
835a9485-c4e8-4a98-8275-1fb25e7c26a1.jpg,rock,rock,0.6544,10.045,3043.963,0.008,3054.738,1
977a1dbd-6fe7-464b-98dc-2e0902f1d4e3.jpg,one,one,0.9996,10.045,3043.963,0.008,3054.739,1
3999c415-5634-49f5-9304-cfed3473846f.jpg,one,others,0.4622,10.045,3043.963,0.008,3054.738,0
893107fa-e4bd-4e8a-908f-3dc8c143e204.jpg,palm,palm,0.9608,10.045,3043.963,0.008,3054.738,1
2d6c54e4-3a2d-4a20-a894-f0cacb28ffbd.jpg,rock,rock,0.9989,10.045,3043.963,0.008,3054.739,1
135fe3ca-0220-40e4-93ef-2b3ec0994d6b.jpg,pinkie,one,0.5778,10.045,3043.964,0.008,3054.739,0
369a0d6b-14e1-4719-927b-dce37032286c.jpg,fist,fist,0.9957,10.045,3043.964,0.008,3054.739,1
0422da3f-c25c-400b-97c7-7d3104f9247d.jpg,one,one,0.7134,10.045,3043.963,0.008,3054.738,1
2eb8039e-1d71-44ba-b079-647c67919172.jpg,pinkie,pinkie,0.9979,10.045,3043.964,0.008,3054.739,1
958ac35d-7268-4dce-9b85-c97b3d631209.jpg,pinkie,pinkie,0.9561,10.045,3043.963,0.008,3054.738,1
4ff1a99c-5eac-47b6-b6a2-3a4cef05fa85.jpg,pinkie,pinkie,0.6923,10.045,3043.964,0.008,3054.739,1
cb224885-7d89-4aeb-9982-15f4734a829a.jpg,rock,rock,0.7067,10.045,3043.962,0.008,3054.738,1
f07c1695-653e-424b-bb3a-852784e4ad75.jpg,one,one,0.9990,10.045,3043.964,0.008,3054.739,1
f4f55f3b-1b0d-4423-afd9-d36a1781a54a.jpg,one,one,0.5991,10.045,3043.963,0.008,3054.738,1
4020f977-daf3-4b9c-85ac-c1a600b2dd4c.jpg,one,others,0.4600,10.045,3043.963,0.008,3054.738,0
53984d59-9797-4f35-84d0-d51d2a281381.jpg,one,one,0.8813,10.045,3043.963,0.008,3054.738,1
d7f1213f-aac6-4156-a410-3c128a73f9d7.jpg,palm,palm,0.9998,10.045,3043.962,0.008,3054.738,1
9bc66a4f-f7b4-4472-b4b3-01ed5aab0653.jpg,rock,rock,1.0000,10.045,3043.963,0.008,3054.738,1
c93b4605-27f8-4a9b-90f2-275e0c2cdfda.jpg,rock,rock,0.9982,10.045,3043.963,0.008,3054.739,1
98b5b004-8d11-4e12-a430-e146b0996db1.jpg,one,one,0.6521,10.045,3043.962,0.008,3054.737,1
db2e9324-19ca-4a41-b7c7-730d557c5cf9.jpg,palm,others,0.5255,10.045,3043.963,0.008,3054.739,0
78731b61-eb31-432d-adb2-b5a74df8f1d6.jpg,one,others,0.4602,10.045,3043.962,0.008,3054.738,0
820850db-459f-4fcb-ba04-6b7eddf1c93b.jpg,rock,rock,0.9975,10.045,3043.963,0.008,3054.738,1
dd815738-e80a-4bb0-ae1c-d145a9c7c7b4.jpg,pinkie,pinkie,0.9993,10.045,3043.963,0.008,3054.738,1
36ff167a-c63a-4fdd-a1d2-6e77b34c38f2.jpg,pinkie,pinkie,1.0000,10.045,3043.963,0.008,3054.738,1
96e1e27d-64a9-4dd8-9074-da85c52d1e9c.jpg,fist,others,0.3758,10.045,3043.963,0.008,3054.738,0
a6c34cff-ffd5-4ffe-9549-0c0138f4877c.jpg,rock,rock,1.0000,10.045,3043.964,0.008,3054.739,1
7094bbda-2f60-45cd-ac63-79ade6921c1f.jpg,pinkie,one,0.5307,10.045,3043.964,0.008,3054.739,0
becfdfb0-f047-452f-8900-2933ebb037c4.jpg,one,one,0.6740,10.045,3043.964,0.008,3054.739,1
624cd83d-f300-4083-b3f6-b5d8ef528041.jpg,palm,palm,0.9988,10.045,3043.965,0.008,3054.740,1
09513530-4f5a-46ab-9a7d-674b60c9ad01.jpg,rock,fist,0.2390,10.045,3043.963,0.007,3054.738,0
60a0c4aa-9fa8-467e-b352-7a7e6553fb21.jpg,others,others,0.8572,10.045,3043.963,0.008,3054.738,1
364addfb-6f6f-4acf-bd6a-4c9a999dac9a.jpg,palm,palm,0.9983,10.045,3043.964,0.008,3054.739,1
6ff77093-e458-44c5-a145-b91cdb4e8e0d.jpg,fist,fist,0.5968,10.045,3043.963,0.008,3054.738,1
8453b6cd-a5a1-48c5-8d40-444d34716ac5.jpg,fist,fist,0.9985,10.045,3043.964,0.008,3054.739,1
75054fcf-e611-4b91-8ab8-e492f8fc7dd6.jpg,pinkie,pinkie,1.0000,10.045,3043.963,0.008,3054.739,1
bee16d97-5d5d-4598-ac5e-ded11a583deb.jpg,others,others,0.6344,10.045,3043.964,0.008,3054.739,1
e42a3e8b-8b42-432a-92a2-0acb2dfd9a6d.jpg,others,others,0.9880,10.045,3043.962,0.008,3054.738,1
2c4cac11-d380-4045-909b-b38ad584579d.jpg,pinkie,pinkie,1.0000,10.045,3043.963,0.008,3054.738,1
c32d7bfa-c71f-493a-b12d-7e41b4ff2869.jpg,palm,palm,0.9997,10.045,3043.963,0.008,3054.739,1
70680f92-89b0-4945-8fb4-7bbf7debc9da.jpg,one,one,0.6558,10.045,3043.963,0.008,3054.738,1
8c07d980-74c8-4003-8ec0-8a726944f74c.jpg,one,one,0.7424,10.045,3043.963,0.008,3054.738,1
18538a2d-4bc1-4017-b7b8-7db6dedc6c04.jpg,pinkie,pinkie,0.9962,10.045,3043.964,0.008,3054.739,1
5e290a60-7ba7-465c-9f3e-85e7cbed6ec2.jpg,others,others,0.7856,10.045,3043.962,0.008,3054.738,1
b75d2d72-5c8d-4741-b790-2f03fa0c956c.jpg,palm,palm,0.9733,10.045,3043.963,0.008,3054.739,1
2eb8039e-1d71-44ba-b079-647c67919172.jpg,pinkie,pinkie,0.9979,10.045,3043.964,0.008,3054.739,1
a030c751-770f-4de6-95b5-20760b20a9d7.jpg,others,others,0.6737,10.045,3043.964,0.008,3054.739,1
298426a6-252a-453a-ad24-41e28f3a3c85.jpg,pinkie,pinkie,0.9977,10.045,3043.964,0.008,3054.739,1
deb332c9-30d5-47e9-a618-4511f08e05b7.jpg,pinkie,others,0.2321,10.045,3043.963,0.007,3054.737,0
776f6cd4-5f69-4e74-acf7-796be61ddbc0.jpg,one,one,0.5921,10.045,3043.965,0.008,3054.740,1
a613698b-ee03-4ee3-8c66-a4a55e953025.jpg,rock,rock,0.9378,10.045,3043.964,0.008,3054.739,1
c40cba97-3514-449b-9dff-c8cf9488e067.jpg,one,one,0.9924,10.045,3043.964,0.008,3054.739,1
4f9f634b-3c84-4339-9016-44858f72b1f9.jpg,others,others,0.4832,10.045,3043.964,0.008,3054.739,1
d413b238-76ce-421d-90f0-bc13ffb1d126.jpg,pinkie,pinkie,0.9478,10.045,3043.964,0.008,3054.739,1
2d591195-4b4b-4c8b-a089-68df707d5737.jpg,fist,fist,0.5704,10.045,3043.964,0.008,3054.739,1
cb478d1b-4769-472e-8088-a7958cedea7c.jpg,fist,fist,1.0000,10.045,3043.964,0.008,3054.739,1
c43282bf-6275-4a27-a3c1-e1f757c01d3b.jpg,one,one,0.9515,10.045,3043.964,0.008,3054.739,1
c38e8fb5-be3d-4cba-bde4-04a4e1e2ddde.jpg,one,one,0.9959,10.045,3043.963,0.008,3054.738,1
4bb097aa-3e03-4eb9-ae76-a7e5b4a017c6.jpg,rock,rock,0.9704,10.045,3043.963,0.008,3054.739,1
17da6aca-9203-4f39-9155-25b97d76513d.jpg,one,one,0.9998,10.045,3043.964,0.008,3054.739,1
38ffb431-24ae-434c-af1d-8e6e8761b496.jpg,others,one,0.6569,10.045,3043.965,0.008,3054.740,0
f3909f84-c49f-49d5-9acd-dcb9127755f3.jpg,others,others,0.9970,10.045,3043.964,0.008,3054.739,1
2eabc8de-e914-4680-8b07-4be1fea8fc02.jpg,pinkie,pinkie,1.0000,10.045,3043.963,0.008,3054.738,1
c6d9cba0-7e6c-4f47-9d7e-a26f57aadf3a.jpg,palm,palm,0.4255,10.045,3043.964,0.008,3054.739,1
0095df00-c5ba-4682-b23e-dc6138ea0816.jpg,palm,palm,0.9551,10.045,3043.964,0.008,3054.740,1
226c28d9-eb3b-40c8-8570-4334b07bc2ab.jpg,one,one,0.3492,10.045,3043.963,0.008,3054.738,1
6f11c095-6d44-4a87-a498-612919e22b89.jpg,others,others,0.7200,10.045,3043.963,0.008,3054.738,1
cccd873c-bca9-4916-9aad-83286398984f.jpg,pinkie,pinkie,0.9845,10.045,3043.962,0.008,3054.737,1
243571bf-d530-4e32-860c-434e9ca9fe68.jpg,rock,rock,1.0000,10.045,3043.964,0.008,3054.739,1
fcd3d703-edc2-4512-a865-3c6a6643a194.jpg,one,one,0.9693,10.045,3043.964,0.008,3054.739,1
9ee622fc-8d49-4670-8211-56d4a3a273a1.jpg,fist,others,0.3247,10.045,3043.963,0.007,3054.738,0
c7fb926c-4b5a-4ef7-aab4-d99fe2cb82e3.jpg,one,one,0.9159,10.046,3043.964,0.008,3054.739,1
eb7eaf81-88f7-4b22-a9b0-121c35ac8fc4.jpg,palm,palm,0.9999,10.045,3043.964,0.008,3054.740,1
5da6600c-60ce-41cd-b15e-19204e5432a7.jpg,palm,palm,0.8593,10.045,3043.964,0.008,3054.739,1
2a06e98c-c235-4d12-9f51-fad98bcafbfa.jpg,palm,palm,0.9998,10.045,3043.963,0.008,3054.738,1
862d4660-daf4-4935-bfee-b750b90cb578.jpg,palm,palm,0.9915,10.045,3043.962,0.008,3054.737,1
33d81ca0-9851-4bd6-a92c-ed5700cec6b6.jpg,palm,palm,1.0000,10.045,3043.964,0.008,3054.739,1
9d763e12-f6b9-479c-9c8c-9faec1720442.jpg,pinkie,pinkie,0.9709,10.045,3043.963,0.008,3054.738,1
15f1de08-3472-46d9-ab2c-6b5ac4d7bc02.jpg,fist,one,0.7243,10.045,3043.963,0.008,3054.738,0
df756943-c152-4322-a3d2-159194526868.jpg,rock,one,0.6789,10.045,3043.963,0.008,3054.738,0
48e7804e-5895-4462-bcb6-a6e6126d92d5.jpg,pinkie,pinkie,0.9713,10.045,3043.964,0.008,3054.739,1
6fde677d-4e6d-4a50-ad57-8c53e4d2a431.jpg,rock,rock,0.9994,10.045,3043.964,0.008,3054.739,1
877c0464-bbb2-4e95-b3f7-ccf168bed740.jpg,one,one,0.9638,10.045,3043.963,0.008,3054.738,1
8e1ec2a0-be5e-4f1b-9672-2ba8375a7e43.jpg,fist,fist,0.9291,10.045,3043.964,0.008,3054.739,1
78713a78-16fd-4cf5-836c-706614976243.jpg,one,others,0.5405,10.045,3043.964,0.008,3054.739,0
7991e485-3a47-4106-9ea9-9cadf1da3552.jpg,others,others,0.7739,10.045,3043.964,0.008,3054.739,1
f47c9cbb-44d3-497f-8ad7-2f354fadb692.jpg,palm,palm,0.9995,10.045,3043.963,0.008,3054.738,1
6469f217-1767-45e9-bbc7-9762f6d674cd.jpg,palm,palm,0.9995,10.045,3043.964,0.008,3054.739,1
3c9c1933-125c-477e-bc32-e495837ba8db.jpg,pinkie,pinkie,0.8023,10.045,3043.964,0.008,3054.739,1
857fbd3a-cb26-43e7-8f61-5e5c54eac67f.jpg,rock,rock,0.9975,10.045,3043.964,0.008,3054.739,1
614a0cc9-6b93-4f4f-b3d1-3e4b4243d76c.jpg,palm,palm,0.9953,10.045,3043.964,0.008,3054.739,1
201f1309-a654-4cca-87ea-0aee18c6847f.jpg,fist,fist,0.4266,10.045,3043.963,0.008,3054.738,1
ad5fc26d-a752-47e3-8672-7066154a5925.jpg,others,others,0.8260,10.045,3043.963,0.008,3054.739,1
bcc2654e-9510-4398-a821-e661a05000e9.jpg,rock,one,0.2995,10.045,3043.963,0.007,3054.738,0
405f859b-bd94-4e8f-8a67-a5b89b97fe21.jpg,palm,palm,0.9889,10.045,3043.964,0.008,3054.739,1
4bfdc1d2-f89d-490d-a492-b50cb2b65654.jpg,one,one,0.7187,10.045,3043.964,0.008,3054.740,1
793a8163-90f4-469e-8ad2-233b8262a7f8.jpg,pinkie,pinkie,0.9920,10.045,3043.962,0.008,3054.738,1
39b69d81-627f-4f85-b8b5-845efb4e043e.jpg,rock,rock,0.9035,10.045,3043.963,0.008,3054.738,1
91c173cd-bc83-40c9-83bb-2636d1310177.jpg,others,others,0.9999,10.045,3043.963,0.008,3054.739,1
6f11c095-6d44-4a87-a498-612919e22b89.jpg,others,others,0.7200,10.045,3043.965,0.008,3054.739,1
756518b5-26e4-4b1a-98bc-e6c9e794b12f.jpg,others,others,0.7931,10.045,3043.963,0.008,3054.738,1
fa8ce1f0-a71f-4cea-bc59-ccfa59ede79d.jpg,one,one,0.6214,10.045,3043.964,0.008,3054.739,1
3a18ebd3-f34f-44ee-a2a0-6de7f50bdf6b.jpg,rock,rock,0.9999,10.045,3043.963,0.008,3054.738,1
ad5fc26d-a752-47e3-8672-7066154a5925.jpg,others,others,0.8260,10.045,3043.964,0.008,3054.739,1
7828d7ed-c889-40be-883f-c9c4bdfcc60a.jpg,fist,fist,0.9992,10.045,3043.964,0.008,3054.739,1
744c10e0-7376-4a5a-8a5c-0dfb0d01b507.jpg,rock,rock,0.9504,10.045,3043.963,0.008,3054.739,1
25c52abe-368e-43aa-ac4d-c2bf26c786b7.jpg,palm,palm,0.9920,10.045,3043.964,0.008,3054.739,1
b681a593-53cb-44d3-853f-5fc0d71e7382.jpg,others,others,0.3504,10.045,3043.964,0.008,3054.739,1
03af11d7-3825-491c-bf47-3188de745fd4.jpg,one,one,0.9955,10.045,3043.963,0.008,3054.738,1
97b32645-9148-4c01-90b5-500d31169a88.jpg,pinkie,pinkie,1.0000,10.045,3043.963,0.008,3054.738,1
9093249d-1094-4a9c-be44-5913798c95a2.jpg,fist,others,0.2374,10.045,3043.963,0.007,3054.738,0
2d3d3f00-5d9c-407e-8ee6-b51d10ff8dc6.jpg,rock,rock,1.0000,10.045,3043.963,0.008,3054.738,1
3255fde5-626f-425f-a57d-e08573175eb7.jpg,pinkie,pinkie,0.9962,10.045,3043.964,0.008,3054.739,1
2f17d243-1061-46b8-9100-5aa6b5e81e41.jpg,pinkie,pinkie,0.9999,10.045,3043.964,0.008,3054.739,1
9eac9985-3543-44de-813a-3eef8abe5f91.jpg,pinkie,pinkie,0.4317,10.045,3043.963,0.008,3054.738,1
98a15ae2-5ecf-48b0-9c9b-a176e73a2447.jpg,rock,rock,1.0000,10.045,3043.963,0.008,3054.738,1
3d771657-cdca-4f79-a308-a0bb64e6b70f.jpg,rock,rock,0.9994,10.045,3043.963,0.008,3054.739,1
40dbf749-f43b-4c29-8041-29ba109be4e8.jpg,pinkie,pinkie,0.9974,10.045,3043.963,0.008,3054.738,1
93882e37-0a26-4772-97fa-bea543248001.jpg,fist,others,0.2512,10.045,3043.964,0.007,3054.738,0
d9054a43-f8fa-4637-9ecd-5d0a034c7fc3.jpg,one,one,0.8766,10.045,3043.963,0.008,3054.738,1
8d709ec7-8f4f-48bb-a5fb-bb8708deb511.jpg,fist,fist,0.9992,10.045,3043.962,0.008,3054.738,1
7903c4c5-fd0e-4474-a6de-cbda3cc930a8.jpg,others,others,0.9061,10.045,3043.964,0.008,3054.739,1
5820eb34-e075-4e66-827d-af52a865d900.jpg,palm,palm,0.9498,10.045,3043.964,0.008,3054.739,1
008446d1-3fb4-407d-917a-436201adb03e.jpg,rock,rock,0.4230,10.045,3043.963,0.008,3054.738,1
98621d04-989f-4f6d-8844-6d806d5b9b89.jpg,palm,palm,0.5541,10.045,3043.963,0.008,3054.738,1
88b297af-ac39-4161-b883-37575c1e3528.jpg,palm,palm,0.9847,10.045,3043.964,0.008,3054.739,1
d9bb2433-768d-4c8b-b363-f3d69e0942c9.jpg,rock,rock,0.9931,10.045,3043.965,0.008,3054.740,1
df404881-0aef-42fe-a543-4fcc9c37fdd0.jpg,rock,rock,0.9994,10.045,3043.964,0.008,3054.740,1
c14e8c03-1e07-4b13-80e9-66d67f84ccf5.jpg,pinkie,others,0.3388,10.045,3043.964,0.008,3054.739,0
6a3265f4-8e76-465c-859f-c7bdcac903f8.jpg,fist,others,0.5686,10.045,3043.964,0.008,3054.739,0
03e4185b-bb84-4e9a-be1d-5f6e4a1a2e14.jpg,fist,fist,0.7783,10.045,3043.964,0.008,3054.739,1
6fdc73b8-99aa-4066-89ae-4c28fb091fa5.jpg,rock,rock,0.9950,10.045,3043.963,0.008,3054.739,1
1164d8a1-892f-48dc-ad0e-60859b966e15.jpg,one,one,0.6985,10.045,3043.964,0.008,3054.739,1
9461adc0-c19b-4fdd-a15f-e826c4a41ec1.jpg,palm,palm,0.9971,10.045,3043.964,0.008,3054.739,1
94b9b214-f77c-45c5-9db4-38e2961d351c.jpg,others,others,0.6725,10.045,3043.963,0.008,3054.738,1
1ab0dce7-f20d-47d5-90cf-67d9fed59d69.jpg,one,one,0.9967,10.045,3043.965,0.008,3054.740,1
9506bffc-c8fb-42cf-8296-718daf0d3e93.jpg,palm,palm,0.5060,10.045,3043.963,0.008,3054.739,1
1ad37674-8a72-47d5-bdc6-11b3150182f0.jpg,palm,palm,0.8371,10.045,3043.965,0.008,3054.740,1
768a2be8-10d1-4c32-964b-1bf5305946fe.jpg,pinkie,pinkie,0.6995,10.045,3043.965,0.008,3054.740,1
2ef7c766-2762-48d1-811c-b6be2eb75bce.jpg,pinkie,pinkie,0.9144,10.045,3043.964,0.008,3054.739,1
dbadd318-4906-4d30-84c8-49d70aa15143.jpg,pinkie,pinkie,0.9713,10.045,3043.964,0.008,3054.739,1
f29b391b-e9e1-410c-845d-e054a8b307f3.jpg,one,others,0.2713,10.045,3043.963,0.007,3054.738,0
6ea572da-c04b-4836-aa75-b79ef5b59dc1.jpg,fist,fist,0.9519,10.045,3043.963,0.008,3054.739,1
2bed770d-4b46-4514-984e-dd68e3dd2761.jpg,palm,palm,1.0000,10.045,3043.963,0.008,3054.739,1
14ca0c63-93e7-4a15-bde0-a654e18fd675.jpg,others,others,0.9993,10.045,3043.963,0.008,3054.737,1
afbab115-bb49-4b10-bed1-9c02c964954a.jpg,pinkie,pinkie,0.9994,10.045,3043.963,0.008,3054.738,1
a4c8e395-cb58-4cb0-8357-4ea1e136e484.jpg,rock,rock,0.9998,10.045,3043.963,0.008,3054.738,1
cfdbeb0d-49c9-4d0b-b9f4-18c2832c8fe2.jpg,rock,rock,1.0000,10.045,3043.963,0.008,3054.738,1
a030c751-770f-4de6-95b5-20760b20a9d7.jpg,others,others,0.6737,10.045,3043.964,0.008,3054.739,1
