epoch,lr,train_total_loss,train_obj_loss,train_box_loss,train_num_pos,val_total_loss,val_obj_loss,val_box_loss,val_num_pos,val_map50,val_map5095,val_precision,val_recall,val_f1,val_mean_iou,val_center_error_px,val_center_error_px_median,val_center_error_px_p95,val_center_error_norm_diag,val_center_error_norm_diag_median,val_center_error_norm_diag_p95,val_fp_per_image,val_recall_small,val_recall_medium,val_recall_large,val_count_small,val_count_medium,val_count_large,val_best_conf_threshold,val_best_conf_precision,val_best_conf_recall,val_best_conf_f1,val_best_conf_fp_per_image
1,0.001,0.9718626424288138,0.0015144862573390875,0.19406963006044045,253.57692307692307,0.9810836474100749,0.0009443234846306344,0.19602786699930827,218.46666666666667,0.8252027034759521,0.6077723015099764,0.7824074074074074,0.7555886736214605,0.7687642153146323,0.8717877984752317,2.8920992678747726,2.0229036808013916,7.730472373962402,0.003615124084843464,0.0025286296010017394,0.009663090467453003,0.20857988165680474,0.49356223175965663,0.8654708520179372,0.9255813953488372,233,223,215,,,,,
2,0.0009998904513956854,0.8409515107289339,0.0009362982080067293,0.16800304177479866,255.7051282051282,0.9685390830039978,0.0008419105278638501,0.19353943467140197,218.8,0.8825647830963135,0.641524247545749,0.9066213921901528,0.7958271236959762,0.8476190476190477,0.8693608874908547,2.5075241681258107,1.9004757404327393,6.421178555488565,0.003134405210157263,0.002375594675540924,0.008026473194360707,0.08136094674556213,0.6351931330472103,0.8609865470852018,0.9023255813953488,233,223,215,,,,,
3,0.00099956185363438,0.79737755885491,0.0008959092874414263,0.15929633092421752,256.6666666666667,0.9313742558161417,0.0008166905997010568,0.1861115127801895,219.06666666666666,0.8782861232757568,0.6463202629238367,0.9045996592844975,0.7913561847988078,0.8441971383147855,0.8715250305761276,2.7912675451817037,2.0497241020202637,7.557618618011475,0.0034890844314771274,0.0025621551275253297,0.009447023272514343,0.08284023668639054,0.592274678111588,0.8654708520179372,0.9302325581395349,233,223,215,,,,,
4,0.0009990143508499217,0.7661887285036918,0.0008287019848536986,0.1530720048990005,255.5,0.9166820406913757,0.0007796085420219849,0.18318048616250357,219.06666666666666,0.8867149353027344,0.6580519992858171,0.917098445595855,0.7913561847988078,0.8496,0.8778810190166682,2.5445065086605747,1.9120947122573853,6.417876482009888,0.003180633135825723,0.0023901183903217316,0.00802234560251236,0.07100591715976332,0.6094420600858369,0.852017937219731,0.9255813953488372,233,223,215,,,,,
5,0.0009982481831951274,0.770369481581908,0.0008281895268457726,0.1539082578741587,256.4230769230769,0.9267271161079407,0.0007958307144387315,0.18518625696500143,219.26666666666668,0.8751080632209778,0.6540353093296289,0.9051724137931034,0.7824143070044709,0.8393285371702637,0.8776747983977908,2.403565805369899,1.8378868103027344,5.927095890045165,0.003004457256712372,0.002297358512878418,0.007408869862556457,0.08136094674556213,0.6094420600858369,0.8654708520179372,0.8837209302325582,233,223,215,,,,,
6,0.0009972636867364526,0.7579419528826689,0.0008067716157828004,0.15142703495728663,257.06410256410254,0.9057997345924378,0.0007546975878843417,0.181009005010128,219.2,0.8893638849258423,0.6594635855406523,0.9092436974789916,0.8062593144560357,0.8546603475513428,0.8741066590254496,2.6023844773993035,2.0147976875305176,6.68011999130249,0.0032529805967491253,0.002518497109413147,0.008350149989128112,0.07988165680473373,0.6394849785407726,0.8699551569506726,0.9209302325581395,233,223,215,,,,,
7,0.0009960612933065818,0.7334264509188824,0.0007830941810821876,0.1465286710896553,256.8076923076923,0.9121105988820394,0.0007291787827853113,0.18227628668149312,219.33333333333334,0.8934491872787476,0.6654655292630196,0.9384057971014492,0.7719821162444114,0.8470973017170891,0.8781366734891325,2.4940513059439344,1.7892321348190308,6.468795776367186,0.003117564132429916,0.002236540168523788,0.008085994720458982,0.05029585798816568,0.5836909871244635,0.852017937219731,0.8930232558139535,233,223,215,,,,,
8,0.0009946415303150127,0.7311774843778366,0.0007538083875074219,0.14608473426256424,256.4230769230769,0.8922853151957194,0.0007314140248733263,0.1783107822140058,219.6,0.8932065963745117,0.6650520451366901,0.9366197183098591,0.7928464977645305,0.8587570621468926,0.8775283164323721,2.47830668184206,1.8604689836502075,5.969995880126952,0.0030978833523025765,0.0023255862295627596,0.007462494850158689,0.05325443786982249,0.6094420600858369,0.8609865470852018,0.9209302325581395,233,223,215,,,,,
9,0.0009930050205167172,0.7261406015127133,0.0007527899594070056,0.14507756133874258,255.75641025641025,0.8959752082824707,0.0007419007112427304,0.17904666264851887,219.73333333333332,0.9000999927520752,0.664568899013102,0.9212328767123288,0.8017883755588674,0.857370517928287,0.8713956110761069,2.6380802181957907,1.8981205224990845,6.786744070053101,0.0032976002727447377,0.002372650653123856,0.008483430087566374,0.06804733727810651,0.6180257510729614,0.8654708520179372,0.9348837209302325,233,223,215,,,,,
10,0.00099115248173898,0.719082752863566,0.0007637638706140793,0.14366379647682875,256.34615384615387,0.9099012176195781,0.0007266544736921788,0.1818349118034045,219.66666666666666,0.9075543880462646,0.6672204434871674,0.9316239316239316,0.812220566318927,0.8678343949044586,0.8733846165718289,2.849089027599457,2.2097837924957275,6.795816707611079,0.00356136128449932,0.0027622297406196595,0.00849477088451385,0.05917159763313609,0.6523605150214592,0.8609865470852018,0.9348837209302325,233,223,215,,,,,
11,0.0009890847265665358,0.7143236154165024,0.0007338448105236659,0.1427179529116704,255.42307692307693,0.8950311303138733,0.0006800954598778238,0.17887020309766133,219.53333333333333,0.9037979245185852,0.6779558464884758,0.9308600337268128,0.8226527570789866,0.8734177215189873,0.8777695159981216,2.4943030498098526,1.8753783106803894,6.39225571155548,0.003117878812262314,0.002344222888350487,0.007990319639444349,0.060650887573964495,0.6866952789699571,0.8565022421524664,0.9348837209302325,233,223,215,,,,,
12,0.0009868026619851433,0.7082801698110043,0.0007247014735371638,0.1415110928698992,256.0897435897436,0.8900453329086304,0.0007101316237822175,0.17786703755458197,219.4,0.9062628746032715,0.6652731503359973,0.9383561643835616,0.8166915052160953,0.8733067729083666,0.8724589327173512,2.49571897141146,1.990130066871643,5.770357108116148,0.003119648714264325,0.002487662583589554,0.0072129463851451844,0.05325443786982249,0.6995708154506438,0.8609865470852018,0.8976744186046511,233,223,215,,,,,
13,0.000984307288983751,0.7199652126202216,0.0007499759921278709,0.14384304789396432,255.98717948717947,0.8788762410481771,0.0006883237103465945,0.1756375789642334,219.6,0.894280195236206,0.6678363543003798,0.9225473321858864,0.7988077496274217,0.8562300319488818,0.8782782812616718,2.4996475258480704,1.9161287546157837,6.325497627258301,0.0031245594073100865,0.0023951609432697296,0.007906872034072875,0.06656804733727811,0.6223175965665236,0.8565022421524664,0.9302325581395349,233,223,215,,,,,
14,0.0009815997021154301,0.6995691733482556,0.0007184411485631687,0.13977014665038157,256.3974358974359,0.8887998779614766,0.0006860832218080759,0.17762276033560434,219.4,0.9092937707901001,0.6768195893615484,0.9414802065404475,0.8152011922503726,0.8738019169329073,0.8763192772211497,2.633561788845324,1.9409295320510864,6.501453399658202,0.0032919522360566533,0.002426161915063858,0.008126816749572753,0.05029585798816568,0.648068669527897,0.8609865470852018,0.9488372093023256,233,223,215,,,,,
15,0.0009786810890172674,0.7090885608624189,0.0007204113853498338,0.14167363005570877,255.07692307692307,0.897964600721995,0.0006879078942195823,0.17945534139871597,219.53333333333333,0.8958607316017151,0.6565982721745968,0.9380378657487092,0.812220566318927,0.8706070287539937,0.8715290530012288,2.6216209104370085,1.9140328168869019,6.286891174316393,0.00327702613804626,0.002392541021108627,0.007858613967895492,0.05325443786982249,0.6523605150214592,0.8609865470852018,0.9348837209302325,233,223,215,,,,,
16,0.0009755527298894293,0.7000836111032046,0.0007077583510321206,0.13987517051207712,256.34615384615387,0.8841566443443298,0.0006622053682804107,0.17669888933499653,219.46666666666667,0.9055079817771912,0.6649886796250939,0.930976430976431,0.8241430700447094,0.874308300395257,0.8727884160028013,2.621293756107094,1.937018871307373,5.984015941619871,0.0032766171951338686,0.0024212735891342165,0.00748001992702484,0.060650887573964495,0.6824034334763949,0.8654708520179372,0.9348837209302325,233,223,215,,,,,
17,0.0009722159969336218,0.6958069854821914,0.0007115642749853671,0.13901908409136993,256.70512820512823,0.8708721160888672,0.00064788629533723,0.17404484748840332,219.86666666666667,0.9153915047645569,0.6884627629071474,0.9478114478114478,0.8390461997019374,0.8901185770750989,0.8803035644400818,2.3455469703788125,1.6951113939285278,5.739216470718383,0.002931933712973514,0.00211888924241066,0.007174020588397979,0.04585798816568047,0.7381974248927039,0.8565022421524664,0.9302325581395349,233,223,215,,,,,
18,0.0009686723537511998,0.6938932614448743,0.0006981797890218261,0.1386390163157231,256.2564102564103,0.8791414419809978,0.0006579037736325215,0.1756967047850291,219.8,0.9073861837387085,0.677815418690443,0.9346733668341709,0.8315946348733234,0.8801261829652998,0.8752541903099279,2.415711074346496,1.8850269317626953,5.758382654190061,0.0030196388429331185,0.0023562836647033694,0.007197978317737576,0.057692307692307696,0.7167381974248928,0.8565022421524664,0.9302325581395349,233,223,215,,,,,
19,0.0009649233547011815,0.6759491303028204,0.0006836869795687306,0.13505308912732664,256.20512820512823,0.8737257719039917,0.0006188893942938497,0.17462137440840403,220.2,0.9199838042259216,0.6934006284922362,0.9571183533447685,0.8315946348733234,0.8899521531100478,0.8788183568626322,2.4265737498986892,1.6943603157997131,5.616465592384335,0.0030332171873733594,0.0021179503947496413,0.007020581990480419,0.03698224852071006,0.6824034334763949,0.8699551569506726,0.9534883720930233,233,223,215,,,,,
20,0.0009609706442184559,0.6870700885088016,0.000695917130752395,0.13727483411247915,257.2435897435897,0.8839534401893616,0.0006499432881052295,0.17666069666544595,219.4,0.9118568897247314,0.6829897835850716,0.9538461538461539,0.8315946348733234,0.8885350318471339,0.8783141395951685,2.4665536999462114,1.9269661903381348,6.27166154384613,0.003083192124932762,0.0024087077379226687,0.007839576929807662,0.03994082840236687,0.7167381974248928,0.8609865470852018,0.9255813953488372,233,223,215,,,,,
21,0.000956815956092479,0.6879754074108906,0.0006853021041024476,0.1374580209644941,257.0769230769231,0.8765085697174072,0.0006661996012553573,0.1751684735218684,219.46666666666667,0.9064146280288696,0.6783430732786655,0.9173419773095624,0.8435171385991058,0.8788819875776397,0.8749261252029203,2.5316982082759325,1.9188637733459473,5.708718538284302,0.0031646227603449144,0.0023985797166824344,0.0071358981728553775,0.07544378698224852,0.7339055793991416,0.8609865470852018,0.9441860465116279,233,223,215,,,,,
22,0.0009524611127067767,0.6770216524600983,0.0006860823147386933,0.13526711288170937,256.0128205128205,0.8729221860567729,0.0006314777963173886,0.1744581401348114,219.86666666666667,0.9157840609550476,0.6819715701043606,0.9386401326699834,0.8435171385991058,0.8885400313971742,0.8773772416392822,2.2986806724286333,1.7161945104599,5.916528224945068,0.0028733508405357883,0.002145243138074875,0.007395660281181335,0.05473372781065089,0.7510729613733905,0.8654708520179372,0.9209302325581395,233,223,215,,,,,
23,0.0009479080242395866,0.6780388798469152,0.0006668192262832935,0.13547441134086022,256.64102564102564,0.8747453053792318,0.0006693565519526601,0.17481518785158792,219.8,0.9069655537605286,0.6812004242092371,0.9207119741100324,0.8479880774962743,0.8828549262994568,0.8794710454915655,2.3056951628798235,1.656392216682434,5.6217658996582065,0.002882118953599777,0.0020704902708530426,0.007027207374572758,0.07248520710059171,0.7553648068669528,0.8609865470852018,0.9348837209302325,233,223,215,,,,,
24,0.0009431586878259915,0.6741003722716601,0.0006737951670612136,0.13468531528726602,256.46153846153845,0.8653427501519521,0.0006650097784586251,0.17293554544448853,219.86666666666667,0.910592794418335,0.6922700371593237,0.929159802306425,0.8405365126676602,0.8826291079812206,0.8806815578582439,2.2230671945140292,1.7590468525886536,4.838139677047731,0.0027788339931425366,0.0021988085657358167,0.006047674596309663,0.06360946745562131,0.7467811158798283,0.8654708520179372,0.9162790697674419,233,223,215,,,,,
25,0.0009382151866819096,0.6845593995008713,0.000673943478315591,0.1367770896699184,256.56410256410254,0.8701151649157206,0.0006654670850063364,0.17388993998368582,219.73333333333332,0.8999698162078857,0.6827305097132921,0.911620294599018,0.8301043219076006,0.8689547581903277,0.8796446006644778,2.304038419302961,1.8445950746536255,5.130866813659666,0.002880048024128702,0.002305743843317032,0.006413583517074583,0.07988165680473373,0.7081545064377682,0.8565022421524664,0.9348837209302325,233,223,215,,,,,
26,0.0009330796891903268,0.6708746162744669,0.0006758371279992831,0.13403975552855393,256.3333333333333,0.8718887249628703,0.0006259924353798852,0.1742525468269984,219.66666666666666,0.9149487614631653,0.6879872746765614,0.9333333333333333,0.834575260804769,0.8811959087332809,0.880346384112324,2.3069278541819327,1.8577794432640076,5.4735345602035474,0.0028836598177274177,0.0023222243040800093,0.006841918200254435,0.05917159763313609,0.7253218884120172,0.8565022421524664,0.9302325581395349,233,223,215,,,,,
27,0.0009277544479501729,0.6769354389264033,0.0006661651035149893,0.13525385562426004,256.2435897435897,0.8552456418673198,0.0006384816389375677,0.1709214299917221,219.6,0.9118637442588806,0.6884031105786562,0.9390862944162437,0.827123695976155,0.8795562599049128,0.880489766060769,2.4563408342802577,1.784480094909668,5.9672984600067105,0.0030704260428503216,0.002230600118637085,0.007459123075008388,0.05325443786982249,0.6952789699570815,0.8609865470852018,0.9348837209302325,233,223,215,,,,,
28,0.0009222417987882563,0.6542121874980438,0.0006500232825951221,0.13071243226146087,257.02564102564105,0.8723807096481323,0.0006041944453803201,0.17435530126094817,219.53333333333333,0.9173200130462646,0.6866253856569529,0.9388794567062818,0.8241430700447094,0.8777777777777778,0.8797507313017819,2.421633323065088,1.7855479717254639,5.731431388854977,0.0030270416538313596,0.0022319349646568298,0.007164289236068723,0.05325443786982249,0.6781115879828327,0.8654708520179372,0.9395348837209302,233,223,215,,,,,
29,0.0009165441597346945,0.6678074858127496,0.0006485466378179785,0.1334317870056018,256.2435897435897,0.8550779024759928,0.0006351438622611264,0.17088855306307474,219.6,0.9096758961677551,0.6857158616185188,0.9378151260504202,0.8315946348733234,0.8815165876777251,0.8801778072097396,2.277332937939086,1.756188452243805,5.648301124572754,0.002846666172423856,0.0021952355653047564,0.007060376405715942,0.05473372781065089,0.7124463519313304,0.8565022421524664,0.9348837209302325,233,223,215,,,,,
30,0.000910664029962285,0.6570812910795212,0.0006680273367330814,0.13128265260885924,257.1923076923077,0.8614252010981241,0.000624705779288585,0.17216010093688966,220.06666666666666,0.9144134521484375,0.6924026694148779,0.9535283993115319,0.8256333830104322,0.8849840255591055,0.8818706948619457,2.492599685504925,1.7974628806114197,6.181152820587158,0.0031157496068811553,0.0022468286007642745,0.0077264410257339485,0.03994082840236687,0.6781115879828327,0.8654708520179372,0.9441860465116279,233,223,215,,,,,
31,0.000904603988690286,0.6553036708098191,0.0006490965196206115,0.1309309153793714,256.20512820512823,0.8688066562016805,0.00063366464455612,0.1736345996459325,219.8,0.9097339510917664,0.687481988966465,0.9256756756756757,0.8166915052160953,0.8677751385589865,0.8811849704841628,2.411941297032809,1.8286846280097961,5.603647446632385,0.003014926621291013,0.002285855785012245,0.007004559308290481,0.0650887573964497,0.6566523605150214,0.8609865470852018,0.9441860465116279,233,223,215,,,,,
32,0.0008983666940530858,0.6675142065072671,0.0006517369993395196,0.1333724928016846,257.2435897435897,0.9006608843803405,0.0006816946823770801,0.17999583681424458,219.46666666666667,0.8947367072105408,0.6585538715124131,0.9394463667820069,0.8092399403874814,0.8694955964771817,0.8759164014354376,2.3112644920362295,1.84495210647583,5.500011205673217,0.0028890806150452886,0.0023061901330947874,0.006875014007091521,0.051775147928994084,0.7253218884120172,0.8385650224215246,0.8697674418604651,233,223,215,,,,,
33,0.0008919548819342568,0.6596814928910671,0.0006506784781007669,0.1318061623053673,256.70512820512823,0.8581048885981242,0.000614203535951674,0.17149813671906788,220.0,0.9205400943756104,0.6985485471785069,0.947986577181208,0.842026825633383,0.8918705603788477,0.8797623680756156,2.297180114468906,1.725398302078247,5.696486186981197,0.002871475143086133,0.0021567478775978088,0.0071206077337264955,0.04585798816568047,0.7253218884120172,0.8654708520179372,0.9441860465116279,233,223,215,,,,,
34,0.0008853713647665065,0.6559637265327649,0.0006467630841936439,0.13106339396192476,255.87179487179486,0.8642592509587605,0.0006201406349039946,0.17272782176733018,219.66666666666666,0.9165661334991455,0.6948081575334072,0.9271844660194175,0.8539493293591655,0.8890612878200155,0.8784994589096589,2.3837940030248532,1.7576323747634888,5.721500873565672,0.002979742503781066,0.002197040468454361,0.007151876091957089,0.06656804733727811,0.759656652360515,0.8654708520179372,0.9441860465116279,233,223,215,,,,,
35,0.0008786190302980521,0.6527913014094034,0.0006317276577017485,0.1304319141766964,257.3333333333333,0.8575544734795888,0.0006189689467040201,0.17138709823290507,219.6,0.914996325969696,0.687154158577323,0.92914653784219,0.8599105812220567,0.8931888544891641,0.8782726286602186,2.32487659129206,1.7228140830993652,5.936068153381338,0.002906095739115075,0.0021535176038742065,0.007420085191726672,0.0650887573964497,0.776824034334764,0.8699551569506726,0.9395348837209302,233,223,215,,,,,
36,0.0008717008403259583,0.6534285086851853,0.0006202269384327034,0.13056165610368436,257.05128205128204,0.8571206311384837,0.0006104904847840468,0.17130202700694402,220.06666666666666,0.9248537421226501,0.6897197853773832,0.9119496855345912,0.8643815201192251,0.8875286916602907,0.8760741430109945,2.2809481563496177,1.6664541959762573,5.704922461509703,0.0028511851954370238,0.0020830677449703216,0.007131153076887128,0.08284023668639054,0.7896995708154506,0.8699551569506726,0.9395348837209302,233,223,215,,,,,
37,0.0008646198293969948,0.6562778613506219,0.0006292852903686416,0.13112971587822989,255.84615384615384,0.8512356718381245,0.0006125132417461525,0.17012462864319483,219.73333333333332,0.9023699760437012,0.6838176853954792,0.9247135842880524,0.842026825633383,0.8814352574102964,0.8787860792295068,2.394717452678401,1.858744502067566,5.712586021423339,0.0029933968158480013,0.0023234306275844575,0.0071407325267791736,0.06804733727810651,0.7339055793991416,0.8609865470852018,0.9395348837209302,233,223,215,,,,,
38,0.0008573791034765851,0.6523898060505207,0.0006471477577295632,0.13034853109946617,257.70512820512823,0.8551313400268554,0.0005915356489519278,0.17090796083211898,219.6,0.9195679426193237,0.6936713639646769,0.9440677966101695,0.8301043219076006,0.8834258524980175,0.8819356453696958,2.337304229996898,1.739616870880127,5.914692306518554,0.0029216302874961225,0.002174521088600159,0.0073933653831481936,0.04881656804733728,0.6995708154506438,0.8654708520179372,0.9348837209302325,233,223,215,,,,,
39,0.000849981838586426,0.6469368254527067,0.000619714487141046,0.12926342309667513,257.2307692307692,0.8597428917884826,0.0006107505779558172,0.1718264306584994,219.6,0.9139049649238586,0.6738708384335041,0.9132492113564669,0.8628912071535022,0.8873563218390804,0.871423023146463,2.4417606809068735,1.9059603214263916,5.613398170471193,0.0030522008511335934,0.0023824504017829896,0.007016747713088991,0.08136094674556213,0.8068669527896996,0.8789237668161435,0.9069767441860465,233,223,215,,,,,
40,0.0008424312794113799,0.6457696488270392,0.0006241419248862001,0.1290291020503411,256.70512820512823,0.8498137791951498,0.0006064974470064044,0.1698414554198583,219.93333333333334,0.9190402030944824,0.6896746203303337,0.934640522875817,0.8524590163934426,0.8916601714731098,0.8754515480119865,2.3975683216240022,1.7938435673713684,5.849788761138911,0.0029969604020300003,0.0022423044592142106,0.007312235951423638,0.05917159763313609,0.7553648068669528,0.8654708520179372,0.9441860465116279,233,223,215,,,,,
41,0.0008347307378762496,0.6416761760528271,0.0006311002918011629,0.1282090150201932,256.65384615384613,0.8467335879802704,0.0006261838444819053,0.16922148068745932,219.73333333333332,0.9125752449035645,0.6912391431629658,0.9088050314465409,0.8614008941877794,0.8844682478959449,0.879510928809024,2.3460593788939366,1.725986659526825,5.828398942947382,0.00293257422361742,0.0021574833244085313,0.007285498678684227,0.08579881656804733,0.776824034334764,0.8699551569506726,0.9441860465116279,233,223,215,,,,,
42,0.0008268835916930577,0.6431724757720263,0.000612102281033563,0.12851207426343209,256.6025641025641,0.8440538128217061,0.0005714352620998398,0.1686964730421702,220.0,0.9194775223731995,0.6946166850626468,0.9464882943143813,0.8435171385991058,0.8920409771473602,0.8785065551528661,2.3458338564149903,1.7746716737747192,5.970496773719788,0.0029322923205187387,0.002218339592218399,0.007463120967149735,0.047337278106508875,0.7381974248927039,0.8609865470852018,0.9395348837209302,233,223,215,,,,,
43,0.0008188932828794705,0.6373773583999047,0.0006050103794013222,0.12735447086966956,255.74358974358975,0.8487075924873352,0.000600761219781513,0.1696213647723198,219.46666666666667,0.9149641990661621,0.6879429224878549,0.9343185550082101,0.8479880774962743,0.8890624999999999,0.8775500150263205,2.227588292839814,1.6745615005493164,5.480825519561769,0.0027844853660497666,0.0020932018756866454,0.006851031899452211,0.05917159763313609,0.759656652360515,0.8699551569506726,0.9209302325581395,233,223,215,,,,,
44,0.0008107633162490161,0.6402720938890408,0.0005941572173749312,0.12793558711806932,256.84615384615387,0.8530642906824748,0.0005891207004121194,0.17049503525098164,219.86666666666667,0.9123608469963074,0.6906870022416115,0.9265905383360522,0.8464977645305514,0.8847352024922118,0.8807839510936133,2.182410372854014,1.6982342600822449,5.483426165580746,0.002728012966067515,0.002122792825102806,0.006854282706975932,0.06656804733727811,0.759656652360515,0.8699551569506726,0.9162790697674419,233,223,215,,,,,
45,0.0008024972578737563,0.6339618525443933,0.0006080926672065965,0.12667075143410608,256.28205128205127,0.8588259975115459,0.0005899126651153589,0.17164721687634785,219.93333333333334,0.918207585811615,0.6887951672077179,0.9488448844884488,0.856929955290611,0.9005481597494126,0.8783226963748103,2.27344970708308,1.6458346843719482,5.943986034393305,0.0028418121338538507,0.0020572933554649352,0.007429982542991631,0.04585798816568047,0.7811158798283262,0.8654708520179372,0.9302325581395349,233,223,215,,,,,
46,0.0007940987335200903,0.6396648631646082,0.0006024776155708167,0.12781247687645447,256.2692307692308,0.8523467540740967,0.0005968132269723961,0.17034998685121536,219.8,0.9206896424293518,0.6882834255695343,0.9378068739770867,0.8539493293591655,0.8939157566302652,0.8764913842524117,2.340440157781409,1.7431434392929077,5.806598758697509,0.0029255501972267604,0.0021789292991161347,0.007258248448371887,0.05621301775147929,0.776824034334764,0.874439461883408,0.9162790697674419,233,223,215,,,,,
47,0.0007855714270583738,0.6402174929777781,0.0006059088209906641,0.12792231648778304,256.7564102564103,0.8439765691757202,0.0006064562398629884,0.16867401997248332,220.0,0.9165245294570923,0.6922654576599598,0.9098101265822784,0.856929955290611,0.8825786646201075,0.8793197589335234,2.3126549875153146,1.7656371593475342,5.502580404281611,0.002890818734394143,0.002207046449184418,0.006878225505352014,0.08431952662721894,0.7725321888412017,0.8654708520179372,0.9395348837209302,233,223,215,,,,,
48,0.0007769190788470505,0.6340706272002978,0.000598486432677302,0.1266944283285202,257.2564102564103,0.8545226355393728,0.0005852627868686493,0.17078747153282164,219.8,0.9206124544143677,0.6915695406496525,0.9206349206349206,0.8643815201192251,0.8916218293620292,0.8755968286045667,2.307469744710573,1.8153510093688965,5.6971599578857415,0.002884337180888216,0.0022691887617111205,0.007121449947357177,0.07396449704142012,0.7811158798283262,0.8789237668161435,0.9395348837209302,233,223,215,,,,,
49,0.0007681454840920089,0.629151124220628,0.0005843441467732191,0.12571335698549563,256.7435897435897,0.8381798505783081,0.0005895297838530193,0.1675180623928706,219.6,0.9161712527275085,0.7041579812765122,0.9193037974683544,0.8658718330849479,0.8917881811204913,0.8826301231236549,2.247507620795202,1.6883131265640259,5.951593399047852,0.0028093845259940012,0.0021103914082050324,0.007439491748809815,0.07544378698224852,0.7982832618025751,0.8654708520179372,0.9395348837209302,233,223,215,,,,,
50,0.0007592544911818787,0.6324783357290121,0.0005927122424159629,0.1263771249124637,257.43589743589746,0.8430615862210592,0.0005577393293303127,0.16850076615810394,219.73333333333332,0.9166614413261414,0.704198707640171,0.9323671497584541,0.8628912071535022,0.8962848297213621,0.8832504819300097,2.105386560663761,1.553393006324768,5.476987409591677,0.0026317332008296995,0.0019417412579059601,0.006846234261989596,0.0621301775147929,0.7854077253218884,0.874439461883408,0.9348837209302325,233,223,215,,,,,
51,0.0007502500000000002,0.6201929832116152,0.0005822035402674467,0.12392215669537202,256.0897435897436,0.8377339164415996,0.0005605293205007911,0.16743467301130294,219.86666666666667,0.9240008592605591,0.6997867025434971,0.9267515923566879,0.8673621460506706,0.8960739030023095,0.8803875167754918,2.335904095462712,1.7133892178535461,5.736082625389098,0.0029198801193283906,0.0021417365223169327,0.007170103281736374,0.06804733727810651,0.7854077253218884,0.8789237668161435,0.9441860465116279,233,223,215,,,,,
52,0.0007411359602138069,0.6252304472220249,0.0005919584360433361,0.12492769689132006,257.0769230769231,0.8423723737398784,0.0005863378202775494,0.16835720737775167,220.0,0.9243010878562927,0.6906007945537567,0.9100775193798449,0.8748137108792846,0.8920972644376899,0.8757926890756649,2.3280876544915023,1.625935673713684,5.73136239051818,0.0029101095681143808,0.002032419592142105,0.0071642029881477266,0.08579881656804733,0.8025751072961373,0.8834080717488789,0.9441860465116279,233,223,215,,,,,
53,0.0007319163695423711,0.6267715715445005,0.0005832088690322752,0.12523767304344055,256.4871794871795,0.8400053242842357,0.0005800468071053426,0.16788505415121716,219.93333333333334,0.9153211116790771,0.6970976755023003,0.9236883942766295,0.8658718330849479,0.8938461538461538,0.8797930954040225,2.3088881110903934,1.7463297843933105,5.682385444641113,0.0028861101388629913,0.0021829122304916383,0.007102981805801391,0.07100591715976332,0.7896995708154506,0.8654708520179372,0.9488372093023256,233,223,215,,,,,
54,0.0007225952720028713,0.6228405825602703,0.000595013140879858,0.12444911371821012,257.6923076923077,0.8423766036828358,0.0005850191955687478,0.16835831999778747,220.0,0.9249409437179565,0.7023155726492405,0.9245283018867925,0.8763040238450075,0.8997704667176741,0.8778768780888343,2.2609568694733135,1.6303414702415466,5.708300304412841,0.0028261960868416407,0.0020379268378019335,0.007135375380516052,0.07100591715976332,0.8154506437768241,0.8789237668161435,0.9395348837209302,233,223,215,,,,,
55,0.0007131767561367538,0.6229220514114087,0.0005836536722012963,0.12446768008745633,256.97435897435895,0.8383637766043345,0.0005564063011358182,0.16756147146224976,219.8,0.9196406602859497,0.6996008638292551,0.9314194577352473,0.8703427719821163,0.8998459167950694,0.8807622889337474,2.2345892564993197,1.593095064163208,5.876758551597597,0.00279323657062415,0.00199136883020401,0.007345948189496996,0.06360946745562131,0.7982832618025751,0.874439461883408,0.9441860465116279,233,223,215,,,,,
56,0.0007036649532163622,0.618425190448761,0.000573866080883771,0.12357026481857666,257.03846153846155,0.8295455475648245,0.000542010353334869,0.165800708035628,219.53333333333333,0.923943817615509,0.6971259877085686,0.918918918918919,0.8614008941877794,0.8892307692307693,0.8766384575399973,2.3242962418259427,1.7079421281814575,5.7472657442092885,0.0029053703022824252,0.002134927660226822,0.007184082180261611,0.07544378698224852,0.776824034334764,0.8654708520179372,0.9488372093023256,233,223,215,,,,,
57,0.0006940640354328254,0.61437105291929,0.0005824940670162248,0.12275771223581754,258.1666666666667,0.831807537873586,0.0005792872107122093,0.16624564925829569,219.4,0.9187569618225098,0.6983704514801502,0.9203821656050956,0.8614008941877794,0.8899153194765205,0.8817414163924419,2.2649055437078527,1.6745452880859375,6.0546118974685665,0.002831131929634817,0.002093181610107422,0.007568264871835709,0.07396449704142012,0.7811158798283262,0.8654708520179372,0.9441860465116279,233,223,215,,,,,
58,0.0006843782140659967,0.6178597800242596,0.000575330824433014,0.12345689095747776,256.8974358974359,0.8594767014185588,0.0005562308574250589,0.1717840924859047,219.6,0.9193536043167114,0.6912324175238609,0.9150943396226415,0.8673621460506706,0.8905891354246366,0.8771010103709099,2.369988020893532,1.7581015825271606,6.128029561042777,0.002962485026116917,0.002197626978158951,0.007660036951303471,0.07988165680473373,0.7811158798283262,0.8789237668161435,0.9488372093023256,233,223,215,,,,,
59,0.0006746117376372467,0.6155663086817815,0.0005816749867219001,0.12299692659423901,257.1025641025641,0.8355782588322958,0.0005624107317999006,0.1670031706492106,220.13333333333333,0.9198842644691467,0.6996082991361618,0.9173290937996821,0.8599105812220567,0.8876923076923077,0.8822023239458041,2.2008488408033213,1.6086809635162354,5.757868099212645,0.0027510610510041514,0.0020108512043952942,0.007197335124015808,0.07692307692307693,0.7811158798283262,0.8699551569506726,0.9348837209302325,233,223,215,,,,,
60,0.0006647688900459223,0.6116510388942865,0.0005592369688644957,0.12221835954831196,257.44871794871796,0.8269128998120626,0.0005295685395443191,0.16527666598558427,219.73333333333332,0.9275241494178772,0.7094392202794552,0.943089430894309,0.8643815201192251,0.9020217729393468,0.886092723546357,2.168448685951017,1.6549440026283264,5.628487205505369,0.0027105608574387705,0.0020686800032854082,0.007035609006881711,0.051775147928994084,0.7854077253218884,0.8789237668161435,0.9348837209302325,233,223,215,,,,,
61,0.0006548539886902863,0.6110085715086032,0.0005533908451280484,0.12209103628993034,257.6794871794872,0.8332761287689209,0.0005430549984642615,0.16654661496480305,219.86666666666667,0.9278963208198547,0.7045400962233543,0.9477977161500816,0.8658718330849479,0.9049844236760124,0.8800125822758306,2.1971371645258544,1.7102382183074951,5.392467975616455,0.0027464214556573176,0.002137797772884369,0.006740584969520569,0.047337278106508875,0.7939914163090128,0.874439461883408,0.9348837209302325,233,223,215,,,,,
62,0.0006448713825737636,0.609024132673557,0.0005760422530166137,0.12168961715621826,256.46153846153845,0.8292799592018127,0.000560043288472419,0.16574398378531138,219.66666666666666,0.9251121878623962,0.7018282685428858,0.9220985691573926,0.8643815201192251,0.8923076923076922,0.8801145196988664,2.2910908119560314,1.7272684574127197,5.628910064697263,0.0028638635149450383,0.0021590855717658996,0.007036137580871578,0.07248520710059171,0.7854077253218884,0.8699551569506726,0.9441860465116279,233,223,215,,,,,
63,0.0006348254503973252,0.6116519119495001,0.0005642041237129328,0.12221754113068947,256.5769230769231,0.8290001134077708,0.0005387695923369999,0.16569226731856665,219.86666666666667,0.9291401505470276,0.707079628109932,0.9251592356687898,0.8658718330849479,0.8945342571208622,0.8809122090290418,2.2069853908428843,1.6693222522735596,5.3012285232543945,0.0027587317385536075,0.0020866528153419494,0.006626535654067994,0.0695266272189349,0.7939914163090128,0.8654708520179372,0.9441860465116279,233,223,215,,,,,
64,0.0006247205986388449,0.611769730081925,0.0005685569836387936,0.12224023435742427,257.1923076923077,0.8289210716883342,0.0005815385394574453,0.1656679073969523,219.6,0.9210978746414185,0.7038600444793701,0.8963414634146342,0.8763040238450075,0.8862094951017332,0.8826452283834925,2.213144123769638,1.6984083652496338,5.510777235031126,0.0027664301547120477,0.0021230104565620423,0.006888471543788908,0.10059171597633136,0.8025751072961373,0.8834080717488789,0.9488372093023256,233,223,215,,,,,
65,0.0006145612596202726,0.6096364145095532,0.0005747633810805825,0.12181233012905487,256.78205128205127,0.8313900510470073,0.0005611655176229154,0.16616577704747518,219.8,0.9228640794754028,0.7027786038815975,0.9150943396226415,0.8673621460506706,0.8905891354246366,0.8829396774678705,2.293949772331774,1.6655359864234924,5.643006229400633,0.002867437215414718,0.002081919983029365,0.007053757786750791,0.07988165680473373,0.7811158798283262,0.8789237668161435,0.9488372093023256,233,223,215,,,,,
66,0.0006043518895634708,0.6039557942213156,0.0005605386910386956,0.12067905077949548,257.20512820512823,0.8220489025115967,0.0005641259699283789,0.16429695437351863,219.73333333333332,0.9225872755050659,0.7072527498006821,0.9045383411580594,0.8614008941877794,0.8824427480916031,0.8821171662386726,2.1949250434870127,1.6296376585960388,5.400433826446524,0.002743656304358767,0.002037047073245048,0.006750542283058154,0.09023668639053255,0.7811158798283262,0.8699551569506726,0.9395348837209302,233,223,215,,,,,
67,0.0005940969666355695,0.6072983550719726,0.0005546653817127196,0.12134873761962621,256.5,0.8212771892547608,0.0005450412145971011,0.16414643079042435,219.6,0.9275555610656738,0.7063641786575318,0.9274447949526814,0.8763040238450075,0.9011494252873564,0.8804817083133322,2.223412097650295,1.6917721033096313,5.698689222335815,0.0027792651220628667,0.0021147151291370393,0.007123361527919769,0.06804733727810651,0.8111587982832618,0.874439461883408,0.9488372093023256,233,223,215,,,,,
68,0.000583800988984693,0.6019051609895169,0.0005546014111202497,0.12027011200403556,256.6794871794872,0.8375282684961954,0.0005515864982347314,0.16739533444245655,219.86666666666667,0.9186766743659973,0.7015810690820217,0.9306451612903226,0.8599105812220567,0.8938807126258714,0.8830192502284587,2.166151221718904,1.6838868856430054,5.455920886993399,0.0027076890271486285,0.002104858607053757,0.006819901108741748,0.06360946745562131,0.776824034334764,0.8789237668161435,0.9302325581395349,233,223,215,,,,,
69,0.0005734684727669245,0.6077264333382632,0.0005503223129870513,0.12143522309951293,256.9230769230769,0.823063317934672,0.0005278935364913196,0.1645070860783259,219.8,0.9197804927825928,0.7038199886679649,0.9288025889967637,0.8554396423248882,0.8906128782001552,0.8845180140139749,2.119319445320538,1.6315731406211853,5.2405899763107335,0.002649149306650671,0.002039466425776482,0.006550737470388417,0.0650887573964497,0.7682403433476395,0.874439461883408,0.9302325581395349,233,223,215,,,,,
70,0.0005631039501653698,0.6000327101120582,0.0005466007408894933,0.11989722181207095,257.1025641025641,0.8271488388379414,0.0005282584810629487,0.1653241127729416,219.66666666666666,0.9221537113189697,0.7063508093357086,0.9105180533751962,0.8643815201192251,0.8868501529051988,0.8806301422160248,2.281432816845461,1.7554980516433716,5.679952597618103,0.002851791021056827,0.0021943725645542146,0.0070999407470226285,0.08431952662721894,0.7982832618025751,0.8654708520179372,0.9348837209302325,233,223,215,,,,,
71,0.0005527119674021929,0.5981685992998954,0.00054288822829198,0.11952514268266849,257.7307692307692,0.8219658732414246,0.0005403554920728008,0.16428510348002115,219.86666666666667,0.9270954728126526,0.703181990981102,0.9314194577352473,0.8703427719821163,0.8998459167950694,0.8806752681936303,2.191145792577977,1.7045328617095947,5.426353335380558,0.0027389322407224705,0.0021306660771369937,0.006782941669225698,0.06360946745562131,0.7982832618025751,0.874439461883408,0.9441860465116279,233,223,215,,,,,
72,0.0005422970827444914,0.6011429001123477,0.0005427810803013974,0.12012002349664004,257.37179487179486,0.8311960657437643,0.0005325112375430763,0.16613270739714306,219.8,0.9261608123779297,0.702996926009655,0.9147286821705426,0.879284649776453,0.8966565349544072,0.8787372568906364,2.2155852932719733,1.6924867033958435,5.719197225570676,0.002769481616589967,0.0021156083792448046,0.007148996531963345,0.08136094674556213,0.8068669527896996,0.8834080717488789,0.9534883720930233,233,223,215,,,,,
73,0.000531863864504892,0.602845718463262,0.0005571360264021235,0.12045771619066215,257.5769230769231,0.8203461368878683,0.0005332154668091486,0.16396258324384688,219.73333333333332,0.9225942492485046,0.7058924987912178,0.9196850393700787,0.8703427719821163,0.8943338437978561,0.8837802144762588,2.1973118276322543,1.5783891677856445,5.523006987571719,0.0027466397845403202,0.0019729864597320557,0.006903758734464648,0.07544378698224852,0.7854077253218884,0.8834080717488789,0.9488372093023256,233,223,215,,,,,
74,0.0005214168890377352,0.597632769590769,0.0005504897018022931,0.11941645666956902,256.9871794871795,0.8174470901489258,0.0005147398236052444,0.16338646709918975,219.8,0.926253080368042,0.708059749007225,0.9223454833597464,0.8673621460506706,0.8940092165898618,0.8825790741804129,2.230629942632725,1.6488330364227295,5.669878935813903,0.002788287428290908,0.002061041295528412,0.007087348669767378,0.07248520710059171,0.7811158798283262,0.8878923766816144,0.9395348837209302,233,223,215,,,,,
75,0.0005109607387317367,0.5947041725501035,0.0005430857888243806,0.1188322168130141,256.38461538461536,0.829146432876587,0.0005369929596781731,0.16572188635667165,219.86666666666667,0.9248219728469849,0.7057237058877945,0.9212598425196851,0.8718330849478391,0.8958652373660031,0.8837043325106303,2.207159789568848,1.5969206094741821,5.6622310638427695,0.0027589497369610604,0.0019961507618427277,0.007077788829803462,0.07396449704142012,0.7939914163090128,0.8789237668161435,0.9488372093023256,233,223,215,,,,,
76,0.0005004999999999999,0.5991949469615252,0.0005328296519553241,0.11973242356609075,257.34615384615387,0.8187730431556701,0.0005234968217943484,0.16364990969498952,219.93333333333334,0.9249752759933472,0.705730764567852,0.9365079365079365,0.879284649776453,0.9069946195234434,0.8819674504005303,2.1805750509187325,1.6500967741012573,5.706341719627379,0.002725718813648418,0.0020626209676265716,0.007132927149534224,0.05917159763313609,0.8154506437768241,0.8878923766816144,0.9395348837209302,233,223,215,,,,,
77,0.0004900392612682633,0.5963076865061735,0.0005345123641652605,0.11915463457504909,257.7307692307692,0.8225055674711863,0.0005462078804460665,0.1643918712933858,220.06666666666666,0.9264126420021057,0.704522355645895,0.9193798449612403,0.8837555886736215,0.9012158054711246,0.8816353984265062,2.176919551091944,1.6832586526870728,5.178242874145507,0.002721149438864929,0.002104073315858841,0.006472803592681884,0.07692307692307693,0.8240343347639485,0.8834080717488789,0.9488372093023256,233,223,215,,,,,
78,0.00047958311096226466,0.591469604235429,0.0005456271196285692,0.11818479545987569,257.2564102564103,0.8188872575759888,0.0005298428024010112,0.16367148260275524,220.0,0.9250378608703613,0.7054480537772179,0.9274447949526814,0.8763040238450075,0.9011494252873564,0.8818036988884413,2.2343138084480807,1.6963439583778381,5.970916271209716,0.0027928922605601003,0.002120429947972298,0.007463645339012144,0.06804733727810651,0.8068669527896996,0.8789237668161435,0.9488372093023256,233,223,215,,,,,
79,0.00046913613549510796,0.5950266172488531,0.0005371712009386661,0.11889789005120595,256.44871794871796,0.8225964943567912,0.0005432284049068888,0.16441065271695454,219.86666666666667,0.9231906533241272,0.7069722160696983,0.9099378881987578,0.8733233979135618,0.891254752851711,0.881882321000506,2.228540649338794,1.6277151703834534,5.780147314071655,0.002785675811673493,0.002034643962979317,0.0072251841425895694,0.08579881656804733,0.7939914163090128,0.8834080717488789,0.9488372093023256,233,223,215,,,,,
80,0.00045870291725550827,0.5878815566882108,0.0005332108479566299,0.11746966963013013,256.84615384615387,0.8253260850906372,0.0005319048951302345,0.16495883564154307,219.8,0.92852383852005,0.7075311243534088,0.9007633587786259,0.879284649776453,0.889894419306184,0.880821849329997,2.2595272169716782,1.7323036789894104,6.0276120901107735,0.0028244090212145973,0.002165379598736763,0.007534515112638468,0.09615384615384616,0.8025751072961373,0.8923766816143498,0.9488372093023256,233,223,215,,,,,
81,0.0004482880325978071,0.5882113568293743,0.0005367931067340601,0.11753491149880947,256.85897435897436,0.8275687019030253,0.0005308233764177809,0.16540757715702056,219.8,0.9282765984535217,0.7068725638091564,0.9289099526066351,0.8763040238450075,0.901840490797546,0.8812180358130915,2.1949153419506424,1.6554004549980164,5.54864091873169,0.0027436441774383027,0.0020692505687475203,0.006935801148414612,0.06656804733727811,0.8068669527896996,0.8834080717488789,0.9441860465116279,233,223,215,,,,,
82,0.00043789604983463,0.5912916461626688,0.0005306762002127913,0.11815219401166989,256.70512820512823,0.8291218996047973,0.0005335011247855922,0.16571767926216124,219.8,0.9291507601737976,0.7073937065899372,0.9257503949447078,0.8733233979135618,0.8987730061349694,0.8820592864788434,2.213845058938698,1.6335981488227844,5.594978213310242,0.0027673063236733735,0.002041997686028481,0.006993722766637803,0.0695266272189349,0.8025751072961373,0.8789237668161435,0.9441860465116279,233,223,215,,,,,
83,0.0004275315272330755,0.5881005028883616,0.0005295515599218794,0.11751419009688573,257.06410256410254,0.8322267452875773,0.0005254500370938331,0.16634025474389394,220.06666666666666,0.9224767088890076,0.6952650591731071,0.9331210191082803,0.8733233979135618,0.9022324865280986,0.8785257776849505,2.2328959650681086,1.6943784952163696,6.027007699012756,0.002791119956335137,0.0021179731190204623,0.007533759623765944,0.0621301775147929,0.8068669527896996,0.8789237668161435,0.9395348837209302,233,223,215,,,,,
84,0.00041719901101530676,0.5904846416834073,0.000533267677663109,0.11799027493748909,257.2307692307692,0.822950561841329,0.000521615727726991,0.16448578933874766,219.8,0.9265726804733276,0.704479704797268,0.9329073482428115,0.8703427719821163,0.9005397070161912,0.8821357396775729,2.110892770199539,1.6269021034240723,5.340691804885865,0.0026386159627494253,0.0020336276292800904,0.006675864756107332,0.0621301775147929,0.8068669527896996,0.874439461883408,0.9348837209302325,233,223,215,,,,,
85,0.0004069030333644305,0.5855776629386804,0.0005363331348724806,0.11700826539443089,257.0,0.83186354637146,0.0005271204165183008,0.1662672867377599,219.86666666666667,0.9254863262176514,0.7014076747000217,0.9246467817896389,0.8777943368107303,0.9006116207951071,0.8789988424255811,2.260826472999411,1.7473111152648926,5.888490200042728,0.002826033091249265,0.0021841388940811155,0.007360612750053411,0.07100591715976332,0.8111587982832618,0.8834080717488789,0.9441860465116279,233,223,215,,,,,
86,0.0003966481104365291,0.5865224091670452,0.0005334886354364407,0.11719778399818982,257.93589743589746,0.8293067812919617,0.0005338930699508637,0.16575457553068798,219.93333333333334,0.9213976263999939,0.7024985276162624,0.9074074074074074,0.8763040238450075,0.8915845337376802,0.8815383447879026,2.236383244458611,1.6534538269042969,5.838312768936158,0.002795479055573264,0.0020668172836303712,0.007297890961170197,0.08875739644970414,0.8154506437768241,0.874439461883408,0.9441860465116279,233,223,215,,,,,
87,0.0003864387403797275,0.5846458157667747,0.0005327071770667457,0.11682262157018368,256.96153846153845,0.8240291217962901,0.000523891950918672,0.16470104455947876,219.86666666666667,0.9269097447395325,0.7063168399035931,0.9188767550702028,0.8777943368107303,0.8978658536585367,0.8797887237853227,2.1820768028219404,1.6869165897369385,5.569632625579835,0.0027275960035274254,0.002108645737171173,0.006962040781974794,0.07692307692307693,0.8111587982832618,0.8834080717488789,0.9441860465116279,233,223,215,,,,,
88,0.00037627940136115507,0.5855637582448813,0.0005288063731337062,0.11700699077202724,255.57692307692307,0.8217201113700867,0.0005207163330245142,0.1642398754755656,219.93333333333334,0.9275954961776733,0.70782430768013,0.925,0.8822652757078987,0.9031273836765827,0.881018067433222,2.190573951367893,1.6564250588417053,5.885171151161176,0.002738217439209867,0.0020705313235521317,0.007356463938951469,0.07100591715976332,0.8240343347639485,0.8878923766816144,0.9395348837209302,233,223,215,,,,,
89,0.0003661745496026749,0.5839117352779095,0.0005254449754899654,0.11667725711296766,256.84615384615387,0.8218128641446432,0.0005247937757909918,0.16425761580467224,219.86666666666667,0.9268442392349243,0.7078746482729912,0.9149922720247295,0.8822652757078987,0.8983308042488619,0.8810124601665381,2.203551348525326,1.7232192754745483,5.729788398742672,0.0027544391856566567,0.002154024094343185,0.00716223549842834,0.08136094674556213,0.8283261802575107,0.8789237668161435,0.9441860465116279,233,223,215,,,,,
90,0.00035612861742623627,0.5803772386832114,0.0005357010257937826,0.11596830695485458,257.35897435897436,0.8213116486867269,0.0005150871438672766,0.16415931185086569,220.0,0.9255377054214478,0.7072811692953109,0.9134466769706336,0.8807749627421758,0.896813353566009,0.8807967560343735,2.20067637688567,1.7011692523956299,5.774433612823486,0.0027508454711070887,0.0021264615654945375,0.0072180420160293576,0.08284023668639054,0.8197424892703863,0.8834080717488789,0.9441860465116279,233,223,215,,,,,
